,Turnover ;  New South Wales ;  Total (Industry) ;,Turnover ;  Victoria ;  Total (Industry) ;,Turnover ;  Queensland ;  Total (Industry) ;,Turnover ;  South Australia ;  Total (Industry) ;,Turnover ;  Western Australia ;  Total (Industry) ;,Turnover ;  Tasmania ;  Total (Industry) ;,Turnover ;  Northern Territory ;  Total (Industry) ;,Turnover ;  Australian Capital Territory ;  Total (Industry) ;,Turnover ;  Total (State) ;  Total (Industry) ;,Turnover ;  New South Wales ;  Total (Industry) ;,Turnover ;  Victoria ;  Total (Industry) ;,Turnover ;  Queensland ;  Total (Industry) ;,Turnover ;  South Australia ;  Total (Industry) ;,Turnover ;  Western Australia ;  Total (Industry) ;,Turnover ;  Tasmania ;  Total (Industry) ;,Turnover ;  Northern Territory ;  Total (Industry) ;,Turnover ;  Australian Capital Territory ;  Total (Industry) ;,Turnover ;  Total (State) ;  Total (Industry) ;,Turnover ;  New South Wales ;  Total (Industry) ;,Turnover ;  Victoria ;  Total (Industry) ;,Turnover ;  Queensland ;  Total (Industry) ;,Turnover ;  South Australia ;  Total (Industry) ;,Turnover ;  Western Australia ;  Total (Industry) ;,Turnover ;  Tasmania ;  Total (Industry) ;,Turnover ;  Northern Territory ;  Total (Industry) ;,Turnover ;  Australian Capital Territory ;  Total (Industry) ;,Turnover ;  Total (State) ;  Total (Industry) ;
Unit,$ Millions,$ Millions,$ Millions,$ Millions,$ Millions,$ Millions,$ Millions,$ Millions,$ Millions,$ Millions,$ Millions,$ Millions,$ Millions,$ Millions,$ Millions,$ Millions,$ Millions,$ Millions,$ Millions,$ Millions,$ Millions,$ Millions,$ Millions,$ Millions,$ Millions,$ Millions,$ Millions
Series Type,Original,Original,Original,Original,Original,Original,Original,Original,Original,Seasonally Adjusted,Seasonally Adjusted,Seasonally Adjusted,Seasonally Adjusted,Seasonally Adjusted,Seasonally Adjusted,Seasonally Adjusted,Seasonally Adjusted,Seasonally Adjusted,Trend,Trend,Trend,Trend,Trend,Trend,Trend,Trend,Trend
Data Type,FLOW,FLOW,FLOW,FLOW,FLOW,FLOW,FLOW,FLOW,FLOW,FLOW,FLOW,FLOW,FLOW,FLOW,FLOW,FLOW,FLOW,FLOW,FLOW,FLOW,FLOW,FLOW,FLOW,FLOW,FLOW,FLOW,FLOW
Frequency,Month,Month,Month,Month,Month,Month,Month,Month,Month,Month,Month,Month,Month,Month,Month,Month,Month,Month,Month,Month,Month,Month,Month,Month,Month,Month,Month
Collection Month,1,1,1,1,1,1,1,1,1,1,1,1,1,1,1,1,1,1,1,1,1,1,1,1,1,1,1
Series Start,Apr-1982,Apr-1982,Apr-1982,Apr-1982,Apr-1982,Apr-1982,Apr-1982,Apr-1982,Apr-1982,Apr-1982,Apr-1982,Apr-1982,Apr-1982,Apr-1982,Apr-1982,Apr-1982,Apr-1982,Apr-1982,Apr-1982,Apr-1982,Apr-1982,Apr-1982,Apr-1982,Apr-1982,Apr-1982,Apr-1982,Apr-1982
Series End,Mar-2021,Mar-2021,Mar-2021,Mar-2021,Mar-2021,Mar-2021,Mar-2021,Mar-2021,Mar-2021,Mar-2021,Mar-2021,Mar-2021,Mar-2021,Mar-2021,Mar-2021,Mar-2021,Mar-2021,Mar-2021,Mar-2021,Mar-2021,Mar-2021,Mar-2021,Mar-2021,Mar-2021,Mar-2021,Mar-2021,Mar-2021
No. Obs,468,468,468,468,468,468,468,468,468,468,468,468,468,468,468,468,468,468,468,468,468,468,468,468,468,468,468
Series ID,A3348645F,A3348708C,A3348771V,A3348834T,A3348897A,A3348960F,A3349023F,A3349086R,A3348582J,A3348648L,A3348711T,A3348774A,A3348837X,A3348900C,A3348963L,A3349026L,A3349089W,A3348585R,A3348651A,A3348714X,A3348777J,A3348840L,A3348903K,A3348966V,A3349029V,A3349092K,A3348588W
Apr-1982,1250.2,916.2,486.3,279.4,298.3,79.9,,57.1,3396.4,1310.8,932.0,508.6,284.3,313.0,81.6,,57.8,3518.7,1310.2,933.2,511.7,284.0,315.3,81.3,,57.2,3523.4
May-1982,1300.0,931.2,492.8,288.0,318.5,78.9,,57.3,3497.9,1305.4,938.9,510.1,288.8,315.4,80.5,,57.7,3527.7,1307.4,938.9,513.6,287.6,316.4,81.6,,57.4,3533.6
Jun-1982,1234.2,887.0,494.1,277.2,301.5,77.5,,55.3,3357.8,1309.8,952.9,518.6,288.9,321.2,81.0,,58.3,3561.5,1305.1,946.3,515.7,291.8,317.8,81.9,,57.7,3547.0
Jul-1982,1265.0,921.3,515.6,296.1,316.4,82.7,,56.3,3486.8,1291.9,955.9,518.1,296.2,320.4,83.7,,56.8,3553.9,1302.4,954.3,517.3,296.3,319.1,82.2,,58.2,3560.6
Aug-1982,1217.6,883.2,501.4,288.4,300.5,78.1,,55.4,3355.9,1314.4,950.7,521.4,303.6,318.5,83.3,,58.9,3581.8,1298.1,963.6,518.0,301.1,320.4,82.4,,58.9,3573.6
Sep-1982,1244.9,917.9,517.7,293.0,312.3,79.1,,57.5,3454.3,1292.4,971.9,521.0,303.7,319.6,82.5,,59.0,3581.2,1293.1,974.1,517.9,306.2,321.6,82.4,,60.0,3586.7
Oct-1982,1264.2,983.3,504.2,307.9,318.7,78.7,,61.9,3551.5,1289.4,987.7,510.9,310.8,322.2,81.1,,61.6,3595.6,1293.2,985.5,518.1,311.3,322.6,82.5,,61.2,3605.8
Nov-1982,1372.6,1065.2,536.0,332.1,337.9,86.5,,68.3,3830.5,1300.6,1007.5,520.7,318.0,326.9,82.9,,63.2,3651.7,1303.0,998.2,519.8,316.3,323.4,82.8,,62.3,3637.7
Dec-1982,1888.3,1427.3,715.9,440.9,457.4,118.6,,92.2,5179.7,1293.2,1008.1,519.9,322.3,326.4,83.3,,65.3,3650.4,1322.5,1010.3,523.5,321.2,324.4,83.5,,63.3,3681.0
Jan-1983,1214.5,920.3,502.4,295.9,295.4,75.2,,53.0,3384.5,1332.7,1010.8,527.3,326.7,321.0,84.1,,61.0,3695.6,1348.8,1019.2,528.9,325.9,325.5,84.5,,64.0,3729.5
Feb-1983,1240.6,921.7,470.0,284.1,292.6,76.5,,55.1,3369.8,1419.3,1024.8,539.7,325.2,328.1,85.2,,65.2,3821.0,1375.6,1023.1,534.6,330.3,326.8,85.6,,64.5,3773.4
Mar-1983,1375.7,1049.2,535.7,340.5,319.6,89.1,,63.1,3805.3,1394.4,1037.3,540.0,337.5,326.5,88.6,,65.0,3822.8,1396.6,1023.2,539.8,334.8,328.6,86.4,,65.0,3807.6
Apr-1983,1344.2,994.9,509.0,326.0,313.0,83.5,,63.3,3665.1,1431.9,1042.0,548.5,343.3,333.0,87.8,,65.5,3885.2,1407.9,1022.7,543.9,340.1,331.1,87.0,,65.2,3831.1
May-1983,1379.9,990.4,527.5,341.1,336.8,85.1,,65.6,3760.0,1396.1,993.6,542.9,340.4,335.5,86.0,,65.9,3793.2,1411.1,1024.2,546.8,345.8,334.5,87.5,,65.3,3848.5
Jun-1983,1325.8,950.0,524.2,335.0,316.9,83.0,,62.3,3630.8,1406.0,1016.2,547.3,348.0,335.9,87.3,,65.2,3839.4,1410.6,1029.4,549.3,350.8,338.3,88.1,,65.2,3865.1
Jul-1983,1328.1,971.0,534.8,342.3,326.5,83.9,,64.5,3686.5,1398.1,1038.4,551.9,354.5,339.6,88.3,,66.4,3871.1,1412.2,1037.8,551.8,354.0,341.7,88.9,,65.5,3885.6
Aug-1983,1366.3,1015.5,551.0,356.4,340.9,88.1,,62.5,3816.3,1414.6,1067.5,558.4,366.4,349.0,90.9,,64.4,3945.5,1418.1,1049.5,555.1,354.9,344.5,89.9,,66.5,3912.6
Sep-1983,1370.8,1019.2,553.9,349.7,342.3,88.0,,64.1,3823.4,1433.7,1065.1,555.1,357.7,349.2,91.1,,65.1,3951.4,1426.8,1062.7,558.9,354.1,346.9,91.1,,68.1,3942.9
Oct-1983,1412.3,1053.0,545.1,332.8,340.5,88.7,,71.4,3878.7,1447.4,1075.7,560.6,341.9,348.1,92.7,,71.5,3972.3,1435.5,1075.0,562.3,352.4,349.4,92.3,,69.9,3971.4
Nov-1983,1541.6,1136.8,593.3,363.9,365.3,97.7,,78.0,4211.5,1442.0,1073.0,570.3,346.7,350.6,93.1,,72.8,3983.3,1443.7,1085.3,564.9,350.7,352.3,93.2,,71.5,3996.3
Dec-1983,2119.6,1543.3,772.2,480.0,485.3,133.5,,107.7,5684.3,1453.6,1090.6,566.3,351.4,349.7,93.5,,77.7,4017.6,1450.9,1094.2,566.8,349.7,355.8,94.0,,72.5,4018.8
Jan-1984,1299.1,1020.7,548.9,320.5,333.7,85.8,,59.4,3698.5,1434.0,1118.9,572.8,351.7,363.9,95.1,,67.9,4039.3,1457.0,1102.9,568.4,349.7,359.6,94.7,,72.9,4040.1
Feb-1984,1348.1,1024.5,513.7,320.2,341.7,89.1,,63.7,3733.2,1471.8,1101.4,564.9,354.0,365.8,95.7,,72.2,4061.2,1462.3,1110.9,570.4,350.6,363.6,95.5,,72.7,4061.2
Mar-1984,1433.6,1117.4,555.7,346.8,358.4,94.4,,70.5,4010.9,1482.3,1120.0,571.8,350.9,369.2,96.4,,73.1,4098.9,1467.8,1117.2,574.1,351.7,367.2,96.5,,72.3,4082.3
Apr-1984,1352.8,1049.3,532.2,325.6,337.7,89.0,,69.1,3788.4,1473.1,1123.9,580.1,348.7,367.2,96.2,,72.5,4097.7,1473.4,1120.3,580.1,352.3,370.2,97.5,,72.1,4101.7
May-1984,1519.4,1156.7,593.6,367.9,390.5,102.3,,73.9,4242.3,1476.4,1119.4,590.0,353.6,376.2,98.6,,72.1,4122.3,1479.0,1120.5,588.4,352.9,372.7,98.5,,72.2,4120.1
Jun-1984,1376.9,1047.0,560.7,339.7,346.6,96.2,,69.2,3872.1,1463.3,1113.8,588.0,352.4,367.1,100.4,,72.5,4093.2,1485.1,1118.7,597.9,354.3,375.3,99.3,,72.5,4139.1
Jul-1984,1421.9,1048.3,592.4,346.9,364.5,95.7,,70.5,3978.0,1511.4,1132.8,618.8,363.9,386.5,101.4,,72.2,4223.6,1492.5,1116.8,607.1,356.3,378.7,100.0,,72.8,4160.4
Aug-1984,1462.9,1077.2,620.3,351.0,377.0,97.8,,71.7,4096.1,1500.0,1105.0,616.6,354.4,379.8,100.0,,73.1,4165.1,1502.0,1115.7,615.3,358.7,383.0,100.8,,73.0,4184.7
Sep-1984,1397.5,1017.4,591.7,334.2,363.2,91.9,,69.5,3901.4,1512.3,1111.0,618.7,356.5,384.8,99.6,,73.6,4192.8,1513.3,1116.9,621.3,361.5,387.6,101.6,,73.4,4212.1
Oct-1984,1536.0,1126.6,627.8,369.2,396.7,103.2,,76.2,4274.0,1522.8,1119.3,625.5,368.6,393.7,103.5,,74.4,4244.7,1524.2,1121.9,625.3,364.7,392.0,102.7,,73.9,4241.5
Nov-1984,1640.7,1219.2,658.8,394.2,416.8,109.2,,80.7,4557.1,1537.9,1136.9,627.9,371.2,397.4,103.8,,74.8,4287.0,1533.9,1129.9,627.8,368.2,395.7,104.0,,74.4,4270.9
Dec-1984,2174.7,1532.3,833.8,480.3,540.2,142.9,,99.4,5847.5,1544.7,1136.9,635.4,367.6,400.9,105.5,,73.2,4301.7,1544.3,1140.3,630.1,371.9,398.8,105.3,,74.9,4303.0
Jan-1985,1471.3,1087.6,627.2,357.9,381.1,101.9,,68.8,4130.0,1562.3,1147.9,630.7,376.7,400.7,108.0,,76.9,4341.1,1556.8,1152.5,633.6,375.7,401.2,106.5,,75.7,4339.8
Feb-1985,1366.3,1055.7,548.7,332.9,358.2,96.2,,65.6,3856.8,1566.1,1179.7,628.0,381.6,401.6,106.9,,77.3,4379.3,1573.9,1165.1,638.7,379.5,403.5,107.6,,76.8,4383.3
Mar-1985,1488.3,1130.5,616.0,366.1,386.7,102.1,,71.2,4196.9,1581.4,1166.1,649.1,381.8,406.5,107.6,,75.7,4406.6,1595.4,1176.9,644.5,382.8,406.2,108.4,,78.3,4431.0
Apr-1985,1521.9,1131.4,606.4,366.7,383.4,104.6,,78.6,4228.9,1621.2,1184.5,651.2,383.1,408.2,108.8,,81.0,4476.7,1619.7,1187.9,650.6,386.0,410.4,109.1,,79.9,4482.6
May-1985,1716.5,1259.2,675.3,408.4,438.3,114.7,,85.1,4739.1,1657.9,1211.7,665.9,392.2,416.6,111.0,,82.3,4576.7,1644.2,1198.7,656.8,389.0,416.0,109.7,,81.7,4535.2
Jun-1985,1507.1,1102.2,613.8,368.5,381.6,102.3,,76.2,4190.3,1659.3,1209.7,660.4,395.0,417.7,110.9,,82.6,4575.1,1667.0,1209.9,662.8,391.6,421.9,110.2,,83.1,4586.1
Jul-1985,1679.4,1151.6,649.7,380.9,417.9,107.0,,85.5,4514.6,1717.8,1212.0,663.1,390.3,430.7,110.2,,85.0,4649.3,1688.3,1221.9,669.0,394.6,427.1,110.8,,84.0,4635.5
Aug-1985,1637.4,1203.0,672.4,391.8,429.1,107.8,,82.7,4566.3,1684.5,1230.1,674.5,395.3,436.3,109.9,,84.5,4655.3,1709.4,1234.5,675.7,398.1,430.8,111.5,,84.4,4684.6
Sep-1985,1577.6,1139.5,652.5,376.5,409.3,102.9,,81.9,4380.3,1711.6,1250.7,683.0,403.4,434.6,112.6,,85.4,4721.8,1730.4,1247.4,683.8,402.1,433.4,112.2,,84.4,4734.3
Oct-1985,1764.1,1293.8,709.8,411.4,437.4,113.6,,84.8,4857.7,1750.1,1267.5,696.8,404.6,432.2,112.8,,83.3,4788.1,1748.4,1258.6,693.3,405.5,435.7,112.9,,84.5,4779.9
Nov-1985,1900.0,1344.1,726.7,429.9,454.1,120.0,,88.8,5105.0,1775.4,1269.4,702.6,409.5,434.7,114.4,,84.0,4831.2,1759.3,1267.6,702.3,407.6,438.4,113.4,,84.8,4814.6
Dec-1985,2509.5,1730.4,933.2,549.2,585.6,157.6,,113.5,6628.2,1794.0,1277.4,709.0,418.0,438.7,115.1,,83.2,4877.1,1762.6,1275.5,710.4,408.8,441.7,113.6,,85.2,4839.5
Jan-1986,1684.3,1223.7,722.2,385.0,434.1,105.6,,81.6,4674.9,1770.1,1278.6,717.9,401.8,448.3,111.9,,90.3,4860.9,1761.7,1284.4,717.7,409.8,445.7,113.3,,85.8,4860.4
Feb-1986,1516.2,1161.9,639.3,360.2,405.5,102.1,,71.9,4294.1,1735.4,1303.3,731.5,413.7,455.7,113.5,,84.4,4879.8,1761.7,1296.7,724.2,411.2,449.6,112.8,,86.2,4884.9
Mar-1986,1611.5,1213.7,672.1,377.7,425.8,105.3,,82.6,4528.0,1729.3,1283.5,719.0,399.9,452.0,112.3,,87.9,4826.5,1767.8,1313.8,729.4,413.4,452.7,112.5,,86.7,4919.1
Apr-1986,1681.0,1298.2,684.1,405.7,431.1,107.2,,81.9,4729.0,1776.5,1340.6,730.4,420.1,453.9,111.4,,85.1,4960.5,1784.5,1334.7,733.3,416.0,455.2,112.7,,87.6,4967.1
May-1986,1898.1,1429.5,753.3,448.7,473.9,118.5,,92.8,5261.9,1848.3,1382.2,750.5,432.2,455.6,114.5,,90.4,5118.0,1809.3,1356.6,736.1,418.7,457.8,113.6,,88.7,5024.2
Jun-1986,1664.2,1240.8,693.7,388.1,423.0,104.1,,81.1,4637.8,1831.9,1363.3,741.7,418.5,461.7,113.4,,86.5,5060.9,1835.6,1376.0,738.0,420.5,461.1,114.9,,90.2,5080.1
Jul-1986,1814.5,1344.3,717.8,410.1,447.9,113.9,,94.3,4989.5,1852.9,1390.6,724.7,413.2,460.9,116.2,,93.4,5095.5,1857.0,1390.5,739.8,421.0,465.4,116.3,,91.6,5125.6
Aug-1986,1766.5,1332.2,720.3,402.5,453.6,112.7,,90.8,4923.8,1884.6,1411.8,743.6,420.7,475.2,119.3,,95.6,5195.0,1870.1,1399.6,742.5,420.3,470.1,117.4,,92.5,5156.7
Sep-1986,1790.7,1320.8,733.3,408.8,457.5,114.1,,91.7,4962.2,1875.8,1401.9,752.7,425.1,476.1,119.3,,92.9,5188.3,1876.3,1404.7,747.2,419.6,475.0,118.1,,92.6,5177.8
Oct-1986,1901.8,1448.8,776.3,426.4,492.9,118.2,,93.6,5305.1,1868.7,1406.7,750.7,417.9,479.7,117.6,,91.4,5177.3,1879.3,1408.8,754.1,419.6,479.7,118.3,,92.3,5196.8
Nov-1986,1943.2,1435.8,757.7,424.9,487.5,119.0,,92.2,5303.5,1880.6,1408.0,756.6,418.3,482.2,117.9,,91.1,5199.0,1882.1,1414.8,763.2,420.9,484.1,118.2,,92.1,5220.3
Dec-1986,2732.9,1974.3,1044.4,568.6,671.3,166.9,,126.8,7340.0,1893.8,1419.4,775.5,421.7,486.6,119.1,,91.4,5252.8,1884.9,1422.1,772.7,423.0,488.4,118.5,,92.4,5247.4
Jan-1987,1790.4,1368.4,782.2,409.9,477.0,111.9,,83.7,5065.3,1884.5,1431.6,783.5,426.4,494.9,117.9,,92.3,5277.0,1888.7,1430.0,779.4,425.4,493.2,119.5,,93.3,5275.2
Feb-1987,1659.8,1278.1,688.4,373.8,448.5,108.9,,82.2,4679.8,1897.6,1440.6,786.9,430.1,505.1,120.7,,96.0,5323.2,1895.7,1438.6,782.7,428.4,498.7,121.4,,94.8,5306.3
Mar-1987,1762.6,1381.0,733.3,406.5,460.2,114.6,,92.1,4993.0,1902.9,1462.3,788.2,431.6,493.3,122.2,,97.5,5344.0,1907.1,1447.7,783.4,432.0,504.9,123.8,,96.3,5341.5
Apr-1987,1825.4,1407.4,746.4,427.3,496.3,124.9,,94.3,5166.0,1913.7,1444.8,785.9,436.5,512.8,129.0,,97.0,5366.6,1922.7,1457.7,782.9,435.8,511.0,126.2,,97.4,5380.2
May-1987,1926.6,1462.6,758.6,437.6,526.6,128.1,,97.7,5386.3,1937.6,1463.6,776.9,438.5,522.1,128.3,,98.5,5413.0,1941.4,1469.4,783.3,439.7,517.1,128.0,,97.9,5423.8
Jun-1987,1839.2,1373.8,732.6,418.0,489.5,124.4,,94.3,5118.9,1971.7,1470.5,765.7,439.9,522.2,130.4,,98.0,5445.4,1961.6,1481.6,787.2,443.8,522.4,129.0,,98.0,5470.8
Jul-1987,1953.9,1479.1,815.6,448.9,519.8,126.0,,100.1,5494.6,1978.7,1509.1,812.5,450.0,528.5,129.1,,98.4,5553.8,1979.3,1494.5,795.8,447.7,527.5,129.3,,98.2,5519.7
Aug-1987,1870.7,1408.5,771.1,428.9,497.1,119.6,,92.3,5236.7,2008.3,1510.8,807.4,453.4,528.3,128.5,,97.3,5581.7,1992.4,1505.4,808.1,450.7,532.6,129.4,,98.7,5564.9
Sep-1987,1923.2,1441.9,802.2,438.9,518.6,123.9,,97.2,5395.1,1997.9,1514.9,817.8,453.1,535.8,128.6,,99.1,5595.2,2002.5,1511.6,821.8,452.0,536.7,129.8,,99.5,5601.9
Oct-1987,2034.3,1548.6,861.7,460.0,555.3,131.2,,102.2,5744.4,2006.4,1510.1,836.5,451.6,542.7,130.2,,100.4,5626.2,2012.6,1512.3,834.8,451.8,538.9,130.7,,100.5,5630.0
Nov-1987,2092.9,1521.4,853.5,456.2,538.5,131.4,,104.2,5745.0,2027.7,1504.4,853.2,451.7,533.4,131.4,,102.5,5652.9,2024.9,1509.8,845.7,450.7,539.5,132.1,,101.5,5652.9
Dec-1987,2888.1,2172.0,1167.2,619.7,779.1,192.3,,143.6,8022.4,2010.1,1540.2,858.2,451.1,562.3,136.1,,103.6,5711.1,2040.5,1508.6,854.7,449.5,539.3,133.6,,102.3,5677.6
Jan-1988,1924.0,1373.4,839.5,412.6,498.3,123.9,,89.5,5304.4,2073.1,1469.1,863.2,441.2,528.9,133.7,,101.1,5659.4,2057.9,1513.2,863.8,449.4,539.8,134.8,,102.9,5711.3
Feb-1988,1899.4,1390.6,785.8,406.3,479.6,127.1,,93.3,5226.8,2090.2,1523.9,868.2,453.7,523.2,137.0,,104.5,5750.7,2073.5,1524.4,876.2,451.0,541.7,135.6,,103.4,5755.8
Mar-1988,2039.8,1536.1,874.6,460.0,533.1,136.0,,101.2,5729.7,2085.7,1537.9,894.1,456.7,543.4,135.3,,102.9,5806.5,2083.7,1539.7,893.8,454.4,545.0,136.0,,103.7,5806.8
Apr-1988,1948.0,1494.6,838.9,430.8,538.3,129.3,47.0,100.3,5527.3,2081.0,1569.0,906.0,454.3,561.3,136.0,50.8,104.4,5862.7,2086.9,1556.0,917.5,458.9,548.2,136.2,50.9,104.2,5858.9
May-1988,2051.2,1542.8,900.7,455.6,548.4,134.0,52.0,103.2,5787.8,2101.4,1580.3,938.1,465.1,559.4,136.4,51.4,104.3,5936.4,2085.3,1570.8,945.7,464.0,550.1,136.5,51.3,104.8,5908.5
Jun-1988,1980.9,1529.9,954.6,456.0,529.5,132.5,53.0,102.8,5739.2,2081.6,1600.5,975.8,471.3,551.5,137.5,51.9,106.6,5976.7,2084.2,1583.8,972.4,468.7,550.1,137.1,51.7,105.2,5953.1
Jul-1988,1985.4,1489.9,985.0,458.3,517.4,129.1,54.5,103.1,5722.7,2078.1,1564.5,1014.6,475.7,542.4,136.4,52.2,104.7,5968.7,2089.3,1595.3,991.2,472.5,548.8,137.9,52.2,105.6,5992.9
Aug-1988,1997.5,1531.7,982.9,459.4,522.5,134.5,54.3,104.5,5787.3,2093.1,1603.7,1008.3,474.1,545.8,139.8,52.1,107.3,6024.2,2108.0,1606.9,1000.3,476.3,548.2,139.0,52.7,106.2,6037.7
Sep-1988,2078.8,1562.2,1003.5,469.2,535.0,136.1,56.0,105.6,5946.3,2131.8,1621.0,1002.4,478.1,545.5,140.0,53.6,106.2,6078.6,2139.5,1620.2,1001.7,480.6,552.1,140.3,53.5,107.2,6095.0
Oct-1988,2131.5,1613.6,998.9,473.1,552.7,135.7,54.9,105.4,6065.8,2172.3,1639.7,1006.7,485.6,559.9,141.8,54.3,106.7,6166.9,2178.6,1633.6,999.3,485.1,561.4,141.6,54.4,108.5,6162.4
Nov-1988,2352.8,1724.3,978.1,502.2,597.6,149.6,54.7,111.7,6470.9,2226.6,1663.4,957.4,481.7,575.9,143.3,55.4,108.0,6211.8,2219.5,1645.7,998.2,489.3,574.0,142.9,55.2,109.7,6234.6
Dec-1988,3252.4,2339.7,1365.4,690.3,810.5,200.1,67.5,159.9,8885.8,2268.5,1644.0,1001.9,502.1,577.8,142.7,55.4,115.5,6307.8,2254.8,1655.2,1002.2,492.6,586.3,143.8,56.0,110.6,6301.5
Jan-1989,2140.0,1532.0,993.5,463.4,567.4,134.1,50.9,99.1,5980.3,2330.4,1662.4,1035.2,500.1,616.0,145.9,58.0,111.2,6459.2,2281.0,1662.0,1011.9,494.3,595.6,144.4,56.6,110.6,6356.4
Feb-1989,1984.8,1461.4,895.6,426.4,530.1,131.7,49.1,95.0,5574.1,2253.4,1658.7,1022.6,490.9,601.6,145.5,56.7,109.8,6339.1,2300.0,1668.4,1025.5,494.4,600.9,144.6,56.9,109.9,6400.6
Mar-1989,2247.5,1660.7,1006.2,485.3,595.2,143.8,54.8,105.5,6299.0,2305.4,1683.5,1029.2,489.9,604.1,144.2,57.0,107.5,6420.8,2314.9,1676.5,1039.2,493.7,603.0,144.7,57.2,108.9,6438.0
Apr-1989,2181.4,1601.1,971.6,469.3,562.6,135.3,52.2,102.2,6075.7,2344.9,1685.3,1061.9,495.0,597.2,144.3,57.0,108.1,6493.7,2329.7,1686.2,1051.8,493.5,603.9,144.9,57.4,108.1,6475.5
May-1989,2314.2,1691.4,1035.7,491.6,595.7,143.6,58.5,107.2,6437.8,2325.2,1694.5,1058.8,491.0,596.9,144.0,57.6,106.6,6474.6,2346.7,1696.8,1063.2,494.4,605.6,145.4,57.9,107.9,6517.9
Jun-1989,2289.2,1641.8,1064.3,480.8,593.2,142.9,59.9,105.2,6377.4,2392.0,1706.7,1075.4,497.1,613.4,146.6,58.3,107.4,6596.8,2365.7,1706.1,1073.7,496.9,609.5,146.3,58.3,108.5,6565.1
Jul-1989,2254.4,1625.9,1039.7,478.8,581.6,137.2,61.2,108.6,6287.5,2383.2,1725.6,1086.0,502.2,616.8,148.0,58.8,111.6,6632.3,2386.2,1714.4,1084.3,500.6,615.5,147.5,58.8,109.7,6617.0
Aug-1989,2299.0,1654.8,1066.9,496.9,598.7,145.9,64.8,109.5,6436.4,2388.9,1712.6,1081.5,505.7,621.1,148.8,60.4,111.8,6631.0,2406.3,1724.0,1093.3,504.7,622.4,148.8,59.2,110.8,6669.4
Sep-1989,2363.4,1670.8,1105.1,493.1,618.2,145.3,60.5,109.0,6565.5,2431.4,1742.3,1119.5,508.1,632.5,150.9,59.2,111.1,6754.9,2423.6,1736.4,1100.2,508.6,627.7,149.7,59.4,112.1,6717.7
Oct-1989,2380.7,1701.4,1096.8,495.5,614.5,144.1,60.1,112.4,6605.4,2432.6,1736.5,1104.9,509.6,626.3,149.6,59.3,113.1,6731.8,2439.1,1750.5,1106.7,512.2,630.6,150.3,59.6,113.2,6762.3
Nov-1989,2622.7,1826.1,1142.8,550.9,674.9,158.4,60.0,118.5,7154.3,2459.6,1747.1,1102.6,519.9,641.1,151.6,59.5,114.1,6795.4,2451.1,1763.8,1113.5,515.4,631.7,151.0,59.9,114.3,6800.7
Dec-1989,3428.9,2496.8,1490.8,689.6,858.1,205.6,71.0,153.5,9394.4,2486.3,1804.5,1124.5,516.5,628.3,151.8,60.4,114.7,6887.2,2459.4,1773.1,1121.0,518.2,632.0,151.9,60.4,115.2,6831.1
Jan-1990,2305.3,1700.6,1102.4,499.4,599.2,142.7,54.1,107.8,6511.6,2442.7,1787.2,1125.8,523.0,632.9,151.2,61.1,118.0,6841.9,2465.8,1776.6,1130.4,521.0,632.8,153.3,61.2,116.1,6857.3
Feb-1990,2168.4,1564.1,1000.4,452.5,550.2,140.2,53.2,102.0,6031.0,2455.8,1777.3,1141.4,521.3,625.5,154.6,61.8,117.6,6855.3,2471.1,1774.1,1141.5,524.2,635.2,155.0,62.1,117.4,6880.4
Mar-1990,2422.6,1720.2,1124.4,519.5,630.2,157.8,60.3,114.4,6749.3,2489.7,1746.3,1161.3,525.6,642.5,159.1,62.9,116.4,6903.8,2478.0,1767.7,1153.7,527.7,639.7,156.8,62.9,118.8,6905.2
Apr-1990,2320.8,1658.3,1063.3,502.6,609.9,148.7,59.0,113.5,6476.1,2484.6,1762.1,1154.1,533.4,649.0,158.3,64.6,119.4,6925.6,2487.4,1761.1,1165.3,531.4,645.6,158.5,63.5,120.3,6933.1
May-1990,2494.2,1754.0,1164.5,540.6,644.6,162.1,65.1,122.8,6947.9,2496.0,1747.2,1180.3,533.8,643.5,160.4,63.9,121.8,6946.8,2497.5,1755.6,1174.3,534.2,651.6,160.0,64.0,121.8,6959.0
Jun-1990,2400.0,1691.7,1161.2,518.2,643.8,155.7,65.1,123.2,6758.9,2512.8,1761.0,1189.6,540.0,666.6,161.4,64.2,126.9,7022.6,2506.7,1751.3,1180.1,536.3,655.8,161.5,64.4,123.0,6979.2
Jul-1990,2352.1,1638.6,1119.0,509.4,618.0,150.0,67.4,119.0,6573.5,2507.1,1749.5,1173.4,539.5,660.3,161.0,64.1,122.8,6977.7,2512.1,1746.6,1182.8,538.1,657.8,163.0,64.9,123.6,6988.8
Aug-1990,2467.1,1715.8,1197.0,535.2,642.9,162.7,69.9,120.5,6911.2,2527.5,1753.2,1195.1,541.7,656.4,164.5,64.9,122.7,7025.9,2513.1,1740.2,1182.5,540.5,658.0,164.2,65.4,123.8,6987.7
Sep-1990,2379.4,1613.6,1129.0,504.2,622.3,155.1,67.2,118.5,6589.3,2506.1,1732.2,1175.7,533.9,655.9,166.2,66.8,124.5,6961.5,2512.1,1734.9,1182.4,544.0,657.8,165.2,65.8,123.6,6986.0
Oct-1990,2520.7,1723.7,1198.9,542.6,658.9,164.9,68.7,124.4,7002.9,2511.3,1710.8,1181.4,542.6,653.6,168.0,66.6,122.5,6956.9,2510.7,1733.7,1184.7,549.1,658.1,166.0,66.0,123.5,6991.9
Nov-1990,2677.5,1813.5,1239.3,602.0,695.3,176.0,67.4,131.2,7402.3,2513.9,1731.4,1182.8,568.4,656.8,166.5,66.5,125.1,7011.2,2511.2,1737.2,1190.4,554.8,659.2,166.6,66.2,124.2,7009.8
Dec-1990,3390.7,2372.9,1557.1,738.8,897.6,216.6,76.8,163.9,9414.4,2498.2,1744.7,1192.8,559.1,668.4,164.2,65.9,123.8,7017.2,2516.9,1743.2,1198.6,560.0,661.0,167.1,66.4,125.6,7038.9
Jan-1991,2420.6,1700.4,1196.6,545.8,635.3,162.4,58.9,117.3,6837.2,2535.1,1761.8,1208.2,561.2,660.9,167.0,65.2,126.6,7086.0,2525.6,1747.3,1206.0,563.1,662.5,167.3,66.6,127.5,7065.9
Feb-1991,2240.5,1555.3,1086.2,492.7,587.1,152.4,57.0,113.4,6284.6,2534.5,1769.9,1238.3,566.5,667.2,168.1,66.6,130.5,7141.7,2536.4,1747.7,1210.5,563.5,663.2,167.4,67.1,129.4,7085.3
Mar-1991,2456.5,1681.0,1149.6,549.1,638.0,169.6,65.4,128.7,6837.9,2558.5,1740.1,1204.0,565.6,662.4,172.9,70.1,132.8,7106.4,2552.0,1746.0,1212.4,562.5,664.7,167.9,67.7,131.3,7104.5
Apr-1991,2424.2,1649.9,1121.7,531.1,633.1,157.0,63.0,129.5,6709.5,2583.4,1732.1,1212.4,557.3,669.5,165.8,67.8,134.1,7122.2,2572.1,1744.6,1212.7,561.4,667.8,169.0,68.4,132.9,7128.8
May-1991,2607.8,1762.3,1205.7,571.9,672.4,168.9,68.9,133.9,7191.7,2586.5,1735.2,1204.3,561.5,663.8,166.0,68.1,132.5,7117.9,2597.2,1747.3,1213.9,561.7,673.5,170.3,69.1,134.2,7167.2
Jun-1991,2405.5,1622.4,1141.8,515.4,635.3,158.2,69.7,126.7,6674.9,2565.3,1731.5,1204.5,550.4,676.6,169.1,69.6,133.8,7100.9,2626.4,1756.1,1218.2,563.5,681.7,171.6,69.5,135.5,7222.5
Jul-1991,2595.4,1734.3,1203.9,556.8,674.8,172.1,75.3,134.5,7147.0,2707.6,1808.5,1240.5,576.9,701.9,181.7,70.4,137.2,7424.6,2655.1,1769.4,1226.9,565.6,691.3,172.5,69.7,136.9,7287.5
Aug-1991,2641.7,1743.7,1236.7,561.1,693.4,172.2,75.9,137.9,7262.7,2706.9,1787.2,1242.7,570.6,706.8,174.4,70.3,140.6,7399.6,2678.8,1783.2,1238.8,567.1,700.7,173.4,69.8,138.4,7350.2
Sep-1991,2522.1,1637.8,1195.6,526.0,658.9,157.4,69.7,130.6,6898.1,2665.5,1771.6,1243.6,562.9,699.8,170.4,69.4,137.5,7320.6,2693.8,1792.2,1250.6,566.9,708.8,174.2,70.0,139.8,7396.3
Oct-1991,2765.4,1852.4,1295.5,580.5,738.2,172.8,73.4,146.3,7624.4,2728.4,1816.0,1261.9,570.8,722.6,172.3,69.9,142.5,7484.6,2700.1,1794.8,1260.4,564.4,715.3,174.9,70.0,140.7,7420.6
Nov-1991,2852.5,1872.4,1326.1,592.4,761.0,181.7,70.4,147.9,7804.4,2697.9,1794.7,1276.1,561.5,720.2,174.0,70.3,141.7,7436.4,2701.5,1794.5,1268.5,560.6,721.2,175.5,70.2,141.0,7432.9
Dec-1991,3561.7,2415.2,1656.1,719.7,958.0,236.9,81.5,184.5,9813.7,2671.0,1799.0,1278.3,549.2,723.3,179.8,70.4,139.7,7410.7,2704.4,1796.5,1275.7,557.4,728.4,176.7,70.5,140.9,7450.4
Jan-1992,2628.2,1747.4,1283.4,547.6,720.2,180.4,64.4,133.7,7305.3,2716.6,1781.6,1274.4,557.2,737.2,182.8,71.3,143.1,7464.1,2713.4,1803.5,1283.4,556.1,737.7,178.2,71.1,140.8,7484.3
Feb-1992,2510.0,1637.5,1166.9,502.3,679.2,164.5,63.3,124.6,6848.2,2726.3,1793.9,1285.0,552.9,740.2,175.2,71.7,137.8,7483.1,2729.6,1814.6,1292.3,557.0,747.6,179.8,72.0,141.2,7533.9
Mar-1992,2591.3,1742.5,1220.2,527.4,709.1,170.0,67.4,136.7,7164.6,2744.1,1840.1,1306.1,557.1,759.5,178.8,72.4,141.7,7599.8,2745.4,1824.7,1300.6,558.5,755.5,181.0,73.1,141.8,7580.6
Apr-1992,2679.8,1809.5,1248.4,556.5,749.5,181.3,70.8,139.8,7435.5,2774.7,1857.6,1310.6,566.5,772.1,184.7,74.9,143.4,7684.5,2756.6,1830.5,1307.4,559.3,759.9,182.1,74.4,142.8,7613.0
May-1992,2723.2,1826.6,1280.5,557.2,763.9,182.6,73.9,143.5,7551.4,2766.4,1846.1,1317.7,563.4,773.5,184.3,75.2,144.9,7671.5,2759.9,1831.2,1311.9,558.8,762.1,183.2,75.8,144.1,7627.0
Jun-1992,2590.8,1708.2,1259.9,520.9,710.3,171.2,78.5,140.9,7180.7,2753.6,1809.8,1318.4,554.5,754.0,182.7,77.7,146.7,7597.5,2755.2,1828.4,1314.5,556.5,764.9,184.4,77.0,145.5,7626.4
Jul-1992,2694.2,1784.9,1306.4,543.6,745.8,182.9,86.1,143.0,7487.0,2760.0,1819.9,1317.3,553.2,756.0,187.0,79.1,145.3,7617.6,2745.6,1824.9,1317.3,553.4,770.3,185.3,77.8,146.9,7621.5
Aug-1992,2548.2,1687.2,1250.3,514.5,723.7,173.8,81.9,139.8,7119.3,2694.0,1802.8,1304.7,544.3,767.3,185.4,78.0,147.5,7523.9,2733.9,1825.2,1322.5,550.8,778.4,186.0,78.5,148.5,7623.8
Sep-1992,2648.4,1750.9,1308.7,529.0,763.9,177.0,81.1,147.0,7406.0,2736.3,1835.8,1328.1,550.2,790.5,185.4,78.9,151.2,7656.5,2722.3,1832.5,1330.6,549.4,787.7,186.7,79.1,150.0,7638.4
Oct-1992,2780.7,1924.3,1387.6,568.7,854.7,190.9,82.7,156.4,7946.1,2718.2,1867.2,1340.3,554.1,824.5,189.2,79.0,151.4,7723.8,2713.5,1845.0,1340.8,549.6,796.7,187.7,79.8,151.6,7664.7
Nov-1992,2812.0,1881.5,1383.9,559.8,825.3,189.9,78.7,155.9,7887.0,2726.3,1864.1,1365.9,548.5,812.2,188.4,79.5,153.5,7738.4,2707.2,1858.9,1350.5,551.4,803.1,188.9,80.6,153.0,7693.6
Dec-1992,3644.5,2535.2,1813.6,755.0,1067.6,256.4,97.8,209.5,10379.6,2675.5,1835.1,1361.4,553.2,782.3,187.8,82.8,155.3,7633.4,2703.0,1871.5,1357.7,553.9,806.5,190.0,81.6,154.3,7718.5
Jan-1993,2564.7,1848.8,1328.7,536.2,773.5,187.6,73.4,143.0,7455.9,2694.3,1923.8,1353.9,559.0,807.6,193.9,83.2,154.8,7770.5,2702.7,1882.8,1360.7,556.9,808.8,190.9,82.6,155.7,7741.0
Feb-1993,2408.1,1649.7,1191.3,484.5,718.1,174.6,70.7,135.9,6833.0,2718.8,1876.2,1357.8,555.7,814.9,192.4,82.9,155.9,7754.6,2704.8,1894.7,1359.9,560.2,813.7,191.5,83.2,157.1,7765.1
Mar-1993,2607.0,1836.2,1300.3,550.2,787.8,182.6,78.4,154.8,7497.4,2706.4,1900.3,1362.3,568.5,827.1,190.1,82.9,157.6,7795.4,2706.0,1907.3,1355.7,563.6,822.9,191.8,83.2,158.5,7789.1
Apr-1993,2583.9,1876.9,1292.1,555.3,804.7,191.3,79.0,156.4,7539.8,2690.9,1920.0,1351.0,566.7,827.2,192.8,83.7,159.8,7792.1,2703.6,1919.7,1350.7,566.9,836.1,191.9,82.9,159.5,7811.2
May-1993,2681.0,1882.7,1299.1,555.2,829.1,184.4,81.8,161.8,7675.2,2730.1,1932.1,1351.9,568.0,847.9,190.4,83.8,164.6,7868.8,2696.2,1927.9,1347.5,569.6,849.8,191.9,82.2,160.0,7825.1
Jun-1993,2573.1,1854.8,1291.6,548.0,822.0,184.9,80.9,152.7,7507.9,2713.4,1944.3,1343.5,575.8,866.0,194.5,79.4,158.7,7875.6,2687.7,1932.5,1347.9,572.2,860.2,192.5,81.7,159.9,7834.7
Jul-1993,2575.9,1901.8,1331.2,563.7,867.4,189.9,88.5,155.9,7674.2,2638.2,1944.4,1349.7,574.1,877.5,194.7,81.6,158.6,7818.8,2684.5,1935.4,1355.2,575.5,867.0,194.0,81.6,159.8,7853.0
Aug-1993,2509.0,1790.6,1290.3,539.2,817.3,178.6,85.8,150.5,7361.4,2672.0,1916.9,1348.2,574.8,874.1,189.6,81.1,159.0,7815.7,2692.4,1936.5,1369.9,579.2,870.9,196.2,81.9,160.2,7887.1
Sep-1993,2652.0,1854.1,1401.7,567.5,854.6,193.5,86.0,156.0,7765.5,2704.8,1925.7,1403.6,585.1,873.1,201.1,83.1,160.6,7937.1,2711.9,1934.3,1389.7,583.8,873.5,198.8,82.4,161.5,7935.8
Oct-1993,2770.5,1946.6,1432.6,590.5,872.0,200.1,84.7,166.3,8063.3,2762.4,1923.4,1414.4,586.8,861.0,202.0,82.4,163.3,7995.8,2741.8,1931.5,1411.0,589.3,877.4,201.3,83.1,163.6,7998.9
Nov-1993,2880.9,2023.6,1470.0,622.7,903.6,212.8,86.7,169.1,8369.3,2783.9,1979.7,1431.9,602.2,877.6,208.3,86.3,164.0,8133.8,2777.6,1928.1,1431.0,594.7,883.8,203.2,83.6,166.1,8068.1
Dec-1993,3850.4,2640.5,1982.9,811.0,1236.9,276.7,97.2,235.1,11130.8,2818.6,1904.8,1476.6,592.9,902.3,201.8,82.8,174.0,8153.7,2812.9,1924.1,1448.2,599.2,891.9,204.3,83.9,168.1,8132.6
Jan-1994,2703.0,1795.8,1392.4,569.1,852.1,191.9,72.8,153.4,7730.6,2827.3,1889.3,1431.4,599.4,894.5,202.5,83.3,167.3,8095.0,2842.0,1920.2,1462.4,602.0,900.0,204.7,84.0,169.1,8184.4
Feb-1994,2539.8,1702.3,1289.9,538.9,817.9,186.8,72.0,147.7,7295.2,2867.6,1934.6,1469.8,617.2,926.3,206.1,84.7,169.3,8275.7,2862.6,1916.8,1474.5,602.7,906.5,204.7,83.9,168.9,8220.7
Mar-1994,2889.5,1925.8,1474.7,600.6,891.6,206.8,81.2,169.8,8240.1,2906.9,1926.5,1498.8,595.4,908.6,204.4,84.1,169.4,8294.3,2878.7,1915.7,1486.2,601.9,910.4,204.5,84.1,168.0,8249.5
Apr-1994,2699.7,1819.8,1397.5,571.7,855.7,193.8,78.3,158.9,7775.5,2878.1,1906.4,1502.9,600.1,897.3,202.7,84.5,164.4,8236.5,2894.0,1919.6,1498.3,600.6,912.8,204.7,84.5,166.8,8281.2
May-1994,2826.5,1874.0,1444.1,579.5,887.0,201.9,83.9,164.2,8061.2,2908.3,1934.2,1508.2,598.0,912.7,207.0,85.4,167.2,8321.2,2912.0,1929.9,1511.0,600.2,915.0,204.8,85.4,166.1,8324.3
Jun-1994,2803.8,1869.9,1475.4,575.8,890.0,196.2,86.8,159.0,8057.1,2920.2,1941.8,1519.9,600.2,927.5,204.8,84.7,165.5,8364.4,2933.4,1945.1,1524.9,601.5,918.6,204.6,86.8,166.4,8381.3
Jul-1994,2814.6,1866.6,1478.7,579.3,890.5,193.5,94.7,158.8,8076.6,2924.1,1941.3,1531.3,601.8,923.4,202.0,89.0,163.7,8376.6,2956.2,1962.1,1539.2,604.6,922.9,203.8,88.6,167.5,8444.9
Aug-1994,2890.2,1897.2,1519.3,582.5,876.3,194.0,98.5,164.8,8222.7,3024.0,1995.5,1555.8,609.5,918.3,204.7,91.6,172.1,8571.5,2976.7,1979.8,1551.9,608.8,927.0,202.6,90.4,168.8,8506.0
Sep-1994,2920.5,1943.9,1569.8,597.1,923.6,196.3,93.9,165.4,8410.6,3005.1,2011.3,1564.3,616.9,941.6,202.5,90.8,170.0,8602.5,2992.0,1996.7,1563.3,612.9,929.9,201.2,91.9,169.9,8557.8
Oct-1994,3005.2,2022.9,1596.0,619.6,928.0,192.7,98.2,175.7,8638.4,3002.7,2027.5,1590.7,621.1,925.0,199.1,96.0,173.7,8635.8,3000.1,2011.5,1571.5,616.3,930.6,199.8,93.0,170.5,8593.5
Nov-1994,3121.0,2065.8,1627.7,646.6,970.2,204.4,95.0,176.1,8906.7,2998.1,2001.4,1575.1,616.7,936.6,196.6,93.6,169.9,8588.1,3004.6,2026.2,1576.9,619.6,930.0,199.2,93.7,170.9,8621.0
Dec-1994,4071.9,2809.4,2082.7,849.7,1258.7,273.1,107.4,231.1,11684.1,2986.5,2033.1,1570.2,620.2,922.5,200.2,92.5,170.4,8595.6,3011.4,2042.6,1581.4,623.4,929.5,199.6,94.2,171.3,8653.3
Jan-1995,2876.8,1948.5,1535.0,589.2,891.5,191.4,82.5,153.3,8268.3,3025.3,2054.4,1582.5,624.5,935.8,200.7,94.3,167.3,8684.8,3024.2,2061.8,1589.3,628.6,929.9,201.2,94.8,172.0,8701.8
Feb-1995,2690.8,1854.4,1409.6,556.5,820.7,183.4,81.7,153.2,7750.3,3042.4,2106.4,1604.2,637.8,927.2,202.9,96.0,175.5,8792.4,3044.4,2084.1,1602.9,635.2,931.8,203.7,95.8,173.1,8771.1
Mar-1995,3001.4,2073.7,1568.0,633.1,906.0,205.6,93.9,175.1,8656.9,3073.8,2100.2,1612.8,643.7,930.7,206.9,97.9,176.1,8842.2,3070.2,2107.6,1621.3,642.8,935.9,206.9,97.1,174.6,8856.5
Apr-1995,2962.4,2039.3,1528.1,624.1,895.2,204.5,90.4,170.5,8514.5,3118.7,2131.9,1642.7,649.3,944.0,211.8,97.3,177.4,8973.2,3096.8,2129.2,1641.4,650.3,942.4,209.9,98.7,175.9,8944.5
May-1995,3064.3,2095.1,1618.6,649.9,949.9,208.3,100.3,173.9,8860.4,3113.3,2137.7,1657.9,660.5,958.8,212.1,100.9,174.6,9015.9,3123.7,2146.3,1658.9,656.7,951.0,212.3,100.2,176.7,9025.8
Jun-1995,2995.7,2089.1,1652.0,633.0,917.9,206.0,104.2,170.2,8767.9,3141.4,2168.6,1702.2,661.4,955.5,213.7,102.1,176.9,9121.7,3151.0,2157.0,1669.8,661.7,961.2,214.0,101.4,176.9,9093.0
Jul-1995,3070.5,2058.6,1590.3,634.9,923.4,204.0,107.8,172.6,8762.1,3177.4,2163.4,1657.1,664.1,966.8,218.0,102.0,178.1,9126.8,3180.1,2162.3,1673.7,666.2,972.4,215.1,102.3,176.8,9149.0
Aug-1995,3117.0,2092.9,1654.1,651.7,956.3,209.7,113.7,169.0,8964.4,3222.4,2165.7,1671.1,669.5,986.3,215.4,104.0,175.4,9209.9,3212.2,2164.3,1672.4,670.3,984.0,216.0,103.1,176.7,9198.9
Sep-1995,3128.7,2096.4,1669.9,650.0,971.6,202.7,105.3,171.7,8996.2,3233.0,2179.6,1674.8,671.4,996.5,212.3,102.8,176.7,9247.0,3246.3,2165.0,1668.5,673.6,994.6,217.0,103.7,176.5,9245.2
Oct-1995,3262.5,2123.9,1650.8,671.5,1005.2,215.4,107.3,178.3,9214.9,3292.3,2138.3,1654.2,676.8,1007.2,220.3,104.1,177.5,9270.7,3280.5,2165.3,1664.8,675.2,1002.7,218.2,104.3,176.2,9287.2
Nov-1995,3470.8,2244.4,1729.8,715.4,1048.1,230.1,106.7,182.2,9727.5,3302.5,2153.6,1658.6,677.3,1001.5,219.1,104.5,175.0,9292.2,3312.2,2167.2,1663.2,674.7,1007.2,219.3,105.1,175.9,9324.7
Dec-1995,4477.4,2972.8,2159.3,915.0,1349.4,295.0,120.9,235.4,12525.0,3348.7,2195.1,1669.5,684.0,1019.8,220.7,106.4,176.1,9420.2,3338.3,2170.9,1663.2,672.5,1007.6,220.0,105.9,175.7,9354.2
Jan-1996,3243.7,2109.0,1648.0,630.9,981.3,214.4,93.9,163.6,9084.7,3361.5,2185.9,1666.9,658.8,1005.0,223.0,106.4,176.2,9383.7,3358.6,2176.4,1663.6,669.6,1005.4,220.2,106.7,176.2,9376.6
Feb-1996,3116.6,1994.3,1529.7,604.4,926.6,206.6,95.0,159.0,8632.1,3379.1,2170.9,1666.7,662.8,998.4,218.1,107.2,175.1,9378.3,3374.4,2182.7,1665.0,667.4,1003.1,220.0,107.2,177.1,9396.9
Mar-1996,3268.7,2121.7,1593.0,648.3,951.5,214.5,102.1,174.3,9074.2,3383.1,2176.9,1669.9,666.3,993.2,218.3,108.2,177.5,9393.2,3388.5,2190.3,1669.3,667.0,1003.1,219.5,107.2,178.2,9423.2
Apr-1996,3214.8,2103.4,1552.5,637.2,955.7,209.0,99.2,174.6,8946.5,3402.9,2207.6,1663.6,668.5,1005.4,218.2,106.4,181.9,9454.5,3402.7,2197.1,1677.1,668.5,1004.9,218.9,106.7,179.4,9455.2
May-1996,3375.1,2193.4,1672.0,670.4,1014.5,221.2,106.5,182.0,9435.2,3384.1,2199.5,1680.1,670.2,1005.6,219.3,105.6,180.0,9444.4,3416.4,2201.9,1687.0,670.6,1007.3,218.2,105.7,180.4,9487.5
Jun-1996,3239.0,2085.1,1606.8,635.0,950.9,206.5,106.1,173.8,9003.1,3444.7,2216.9,1696.3,677.0,1017.6,220.5,105.9,184.1,9563.1,3426.9,2205.9,1696.6,671.0,1009.2,217.5,104.5,180.9,9512.4
Jul-1996,3349.6,2134.3,1692.8,647.5,981.3,203.3,109.4,173.0,9291.1,3451.2,2218.5,1729.0,670.0,1017.4,214.7,102.1,176.4,9579.2,3432.0,2209.7,1702.6,668.8,1008.8,217.1,103.3,181.1,9523.2
Aug-1996,3358.5,2176.2,1702.8,656.3,992.7,212.2,110.1,177.4,9386.1,3442.7,2219.5,1700.6,667.9,1011.8,217.9,101.1,182.3,9543.9,3428.1,2214.9,1702.9,664.5,1006.1,217.1,102.2,181.2,9517.0
Sep-1996,3239.6,2044.9,1656.8,618.5,921.2,198.7,102.8,174.3,8956.8,3408.9,2187.1,1711.9,660.2,981.2,213.5,101.9,184.0,9448.8,3417.2,2226.1,1699.0,660.0,1004.2,217.7,101.4,181.6,9507.1
Oct-1996,3434.7,2296.1,1718.5,665.4,1049.9,222.5,106.7,181.9,9675.6,3394.5,2253.4,1671.1,647.8,1017.4,220.1,100.7,178.3,9483.3,3406.1,2246.7,1695.0,656.7,1006.3,218.8,100.8,182.5,9512.9
Nov-1996,3534.8,2375.8,1756.8,682.1,1054.3,231.7,102.2,192.5,9930.1,3396.7,2274.9,1691.8,645.7,1007.3,222.0,101.0,183.8,9523.1,3398.7,2275.3,1694.0,655.3,1013.6,220.3,100.2,183.4,9540.8
Dec-1996,4478.3,3066.5,2143.1,881.1,1303.3,294.0,111.9,245.3,12523.5,3385.8,2306.8,1688.9,672.5,1006.2,223.7,99.5,185.9,9569.5,3396.6,2307.5,1697.8,655.9,1025.1,221.9,99.7,183.8,9588.3
Jan-1997,3318.8,2305.3,1723.1,638.0,1049.3,218.9,88.1,175.1,9516.5,3374.4,2338.9,1709.5,651.7,1054.0,221.2,98.6,185.4,9633.8,3399.9,2337.7,1705.7,657.3,1037.9,223.1,99.0,183.8,9644.4
Feb-1997,3051.3,2094.5,1522.3,576.7,943.1,202.6,84.2,161.2,8636.0,3459.5,2381.9,1730.6,661.8,1061.0,224.0,99.3,184.9,9803.0,3405.8,2360.2,1715.6,658.9,1048.3,224.0,98.3,183.5,9694.6
Mar-1997,3293.2,2278.0,1635.5,634.1,1001.8,217.3,90.2,174.8,9325.0,3431.4,2379.8,1735.5,661.4,1054.3,224.9,97.1,180.4,9764.8,3412.6,2372.9,1725.2,660.8,1054.0,224.8,97.8,183.7,9731.8
Apr-1997,3196.8,2288.1,1606.3,637.5,1005.8,218.8,93.3,174.4,9221.1,3355.7,2366.0,1703.7,661.1,1051.1,225.8,97.9,181.2,9642.5,3420.3,2378.6,1733.7,663.3,1055.7,225.8,97.6,184.5,9759.4
May-1997,3440.9,2373.6,1745.5,668.9,1074.6,227.7,97.6,190.2,9819.1,3444.3,2388.3,1755.1,665.7,1059.6,227.3,97.1,187.9,9825.3,3428.6,2382.3,1740.7,667.2,1055.9,226.9,97.8,185.7,9785.2
Jun-1997,3211.4,2212.6,1632.6,612.5,966.2,210.3,96.7,174.5,9116.7,3446.1,2377.7,1745.1,665.1,1048.4,227.3,97.3,186.2,9793.3,3437.6,2387.6,1748.2,672.9,1056.1,228.3,98.3,187.4,9816.4
Jul-1997,3399.7,2323.8,1756.9,683.5,1029.4,224.1,109.2,192.8,9719.3,3457.5,2382.6,1768.1,691.9,1052.4,230.9,100.4,194.1,9877.8,3447.4,2397.2,1756.7,679.3,1058.1,230.0,99.1,188.9,9856.9
Aug-1997,3306.9,2311.0,1724.4,657.6,1016.6,220.0,106.8,181.5,9524.8,3459.7,2409.8,1760.4,683.6,1062.9,229.7,99.3,189.1,9894.7,3459.6,2410.5,1766.9,686.0,1062.1,231.7,99.9,190.0,9906.8
Sep-1997,3344.9,2318.5,1735.4,662.1,1032.6,219.4,104.1,179.6,9596.6,3468.4,2439.0,1767.6,693.6,1079.0,233.0,101.9,188.0,9970.5,3473.8,2423.1,1778.2,694.0,1066.8,232.9,100.5,190.8,9960.1
Oct-1997,3520.8,2495.3,1855.1,719.2,1107.1,237.4,106.7,195.4,10237.0,3465.4,2428.4,1791.4,699.5,1068.2,233.8,100.7,190.5,9977.9,3486.8,2430.9,1789.7,702.4,1071.2,233.2,100.9,191.3,10006.4
Nov-1997,3601.5,2519.3,1837.0,736.9,1100.4,245.2,100.9,199.7,10340.9,3500.3,2447.8,1808.1,708.6,1071.5,237.8,101.0,193.4,10068.6,3497.3,2433.0,1800.6,710.6,1075.4,232.5,101.2,191.9,10042.4
Dec-1997,4684.7,3278.7,2333.7,938.5,1407.3,303.9,115.0,256.3,13318.2,3518.9,2434.2,1812.2,710.1,1072.8,230.1,101.4,192.4,10072.2,3504.7,2431.2,1810.8,718.1,1079.1,230.8,101.6,192.5,10068.7
Jan-1998,3491.6,2379.7,1840.6,735.8,1100.5,220.7,89.8,183.9,10042.7,3533.0,2415.7,1821.8,745.7,1094.6,223.4,100.9,194.0,10129.1,3505.6,2427.0,1819.5,724.5,1082.5,228.6,102.1,192.7,10082.5
Feb-1998,3083.5,2118.9,1610.0,632.8,964.5,206.6,87.6,168.4,8872.4,3497.7,2413.3,1831.7,728.5,1081.3,228.4,103.4,192.9,10077.1,3501.7,2424.9,1827.5,729.4,1086.4,226.4,102.7,192.5,10091.6
Mar-1998,3315.2,2331.4,1707.8,687.2,1034.9,218.7,96.9,183.6,9575.7,3471.1,2437.8,1822.8,718.2,1091.6,225.2,103.7,191.1,10061.5,3495.5,2428.9,1835.6,732.2,1091.3,224.9,103.3,192.2,10103.9
Apr-1998,3345.4,2372.6,1758.2,715.9,1060.9,218.6,99.5,185.4,9756.6,3479.2,2444.1,1841.5,737.8,1097.6,222.9,104.6,191.5,10119.4,3489.6,2441.5,1845.5,733.4,1096.6,224.1,103.8,192.1,10126.6
May-1998,3457.8,2400.6,1820.8,722.6,1081.5,220.6,103.7,192.9,10000.6,3500.3,2457.9,1868.3,734.9,1094.3,224.1,104.3,192.6,10176.7,3487.6,2462.7,1858.4,733.7,1101.7,224.1,104.2,192.5,10164.9
Jun-1998,3263.0,2296.6,1774.6,688.8,1039.9,209.0,104.4,179.7,9556.1,3490.6,2459.3,1871.8,737.9,1110.9,224.2,104.0,191.3,10190.0,3492.1,2490.7,1873.9,734.2,1106.9,224.4,104.8,193.3,10220.3
Jul-1998,3476.1,2506.4,1886.7,728.1,1096.6,219.6,113.1,198.9,10225.4,3511.6,2539.3,1882.4,733.7,1119.7,225.7,103.8,197.2,10313.2,3497.5,2519.3,1888.4,734.7,1112.4,224.6,105.3,194.1,10276.3
Aug-1998,3304.9,2430.1,1841.1,692.2,1057.8,210.1,114.8,184.5,9835.4,3484.3,2557.9,1902.9,730.3,1117.1,224.5,107.8,193.7,10318.5,3502.6,2544.4,1900.4,735.6,1117.7,224.7,106.0,194.6,10326.1
Sep-1998,3397.4,2473.6,1895.0,709.9,1070.3,215.6,109.5,188.5,10059.8,3509.9,2580.0,1918.9,736.9,1114.2,225.6,105.5,196.6,10387.8,3509.2,2564.9,1910.3,736.5,1122.8,224.8,106.7,194.9,10369.9
Oct-1998,3617.3,2651.0,2010.3,768.2,1181.4,228.1,116.0,201.0,10773.4,3546.4,2584.2,1939.2,743.0,1129.4,225.4,109.9,196.0,10473.6,3518.5,2581.5,1920.8,738.6,1129.1,225.1,107.3,195.3,10416.3
Nov-1998,3603.4,2656.0,1932.2,756.4,1161.2,230.1,105.4,197.9,10642.7,3524.0,2587.8,1917.8,737.5,1143.4,225.4,106.6,192.5,10435.2,3532.7,2597.4,1935.1,741.9,1136.6,225.9,107.7,196.3,10473.6
Dec-1998,4670.5,3500.1,2483.7,995.3,1503.6,300.8,121.8,261.7,13837.5,3482.2,2582.3,1906.4,739.5,1135.9,222.9,106.5,196.2,10372.0,3552.9,2617.1,1952.7,744.9,1144.8,227.4,108.0,197.9,10545.7
Jan-1999,3574.8,2585.5,1995.6,733.5,1134.9,225.4,97.0,190.2,10537.1,3654.6,2657.6,2004.3,755.5,1153.1,231.3,110.0,202.1,10768.4,3579.4,2642.9,1972.2,746.3,1152.5,229.2,108.4,199.7,10630.7
Feb-1999,3163.1,2348.1,1753.4,649.4,1036.9,210.7,91.7,176.9,9430.1,3592.6,2678.7,1995.7,746.7,1161.0,233.0,108.6,202.0,10718.2,3606.8,2673.6,1990.4,745.4,1158.2,231.0,109.1,201.7,10716.0
Mar-1999,3499.5,2667.1,1949.6,738.1,1146.5,232.6,104.1,202.5,10540.0,3593.0,2708.6,2020.8,749.0,1178.2,233.7,109.8,207.0,10800.1,3629.5,2704.3,2003.9,743.0,1161.2,232.4,110.0,203.4,10787.6
Apr-1999,3528.9,2622.2,1904.6,707.6,1103.7,226.3,103.3,194.1,10390.7,3690.8,2740.9,2012.3,737.3,1144.8,233.2,109.0,201.8,10870.0,3646.2,2733.5,2011.5,741.0,1162.4,233.4,110.9,204.9,10843.9
May-1999,3605.1,2669.5,1914.2,711.7,1141.1,223.0,112.5,203.9,10581.0,3679.2,2762.7,1995.1,736.4,1172.0,232.2,114.6,205.8,10898.0,3658.3,2760.7,2013.3,741.3,1163.1,234.2,111.8,206.2,10888.9
Jun-1999,3422.2,2604.7,1931.0,689.1,1088.2,221.1,114.5,194.0,10264.8,3665.2,2773.2,2023.7,734.8,1159.2,233.5,112.4,205.8,10907.7,3669.2,2787.7,2012.6,745.1,1165.0,234.9,112.4,207.7,10934.5
Jul-1999,3583.1,2768.4,2005.7,752.6,1148.9,228.7,123.1,214.4,10824.9,3611.0,2802.5,1998.8,752.8,1164.2,235.9,113.1,211.8,10890.1,3684.5,2815.9,2013.9,752.1,1169.7,235.5,112.9,209.5,10993.9
Aug-1999,3521.7,2693.5,1954.0,726.8,1113.5,223.9,120.3,201.6,10555.3,3717.0,2842.5,2024.3,767.4,1179.6,237.7,112.7,212.3,11093.5,3703.7,2844.1,2019.5,760.6,1176.9,236.0,113.5,211.6,11066.0
Sep-1999,3661.6,2791.3,2019.2,748.7,1137.8,228.5,117.7,204.1,10908.9,3753.6,2888.4,2037.0,772.3,1180.2,238.0,113.4,211.9,11194.9,3720.3,2866.3,2027.8,768.0,1184.9,236.1,114.3,213.5,11131.3
Oct-1999,3780.5,2908.9,2060.5,784.4,1231.0,232.8,119.9,218.8,11336.8,3741.9,2870.8,2017.6,773.1,1199.7,233.0,114.8,215.7,11166.7,3732.9,2878.1,2036.5,772.8,1192.3,235.4,115.3,215.2,11178.5
Nov-1999,3848.4,2993.3,2098.3,810.3,1252.4,239.8,116.8,224.7,11584.0,3741.3,2897.2,2057.5,777.5,1207.6,232.9,117.1,217.5,11248.6,3737.5,2874.6,2044.7,774.1,1198.4,233.9,116.3,216.5,11197.0
Dec-1999,5057.4,3906.0,2683.9,1033.4,1590.5,319.1,135.7,290.9,15016.9,3747.0,2863.7,2052.7,766.4,1199.2,236.2,118.7,217.3,11201.2,3731.6,2856.8,2052.3,773.1,1204.0,231.9,117.2,217.7,11188.1
Jan-2000,3581.9,2738.0,2040.3,744.2,1162.7,218.8,102.7,205.6,10794.2,3691.9,2838.6,2071.2,778.7,1197.1,228.0,117.4,219.7,11142.5,3724.5,2833.6,2059.7,772.0,1209.3,229.8,117.9,219.3,11167.4
Feb-2000,3381.7,2524.9,1868.2,692.7,1129.5,214.8,103.0,200.0,10114.8,3721.3,2791.6,2052.5,767.9,1218.4,228.2,117.8,220.5,11118.2,3724.9,2814.4,2066.7,772.8,1215.1,228.2,118.3,221.4,11154.6
Mar-2000,3638.8,2764.8,2000.6,766.0,1202.7,226.6,112.4,218.2,10930.1,3734.6,2795.9,2062.5,773.5,1225.1,225.1,117.7,221.7,11156.1,3735.0,2805.2,2074.6,776.1,1221.0,227.3,118.6,223.8,11163.2
Apr-2000,3538.7,2630.3,1981.8,740.2,1171.3,218.0,112.7,216.9,10609.9,3718.9,2763.5,2105.1,775.1,1228.4,226.5,120.0,226.3,11163.7,3748.6,2806.3,2082.7,781.3,1227.5,227.2,118.8,226.2,11194.1
May-2000,3712.8,2769.4,2021.9,771.6,1205.2,221.4,118.4,232.0,11052.7,3779.4,2848.1,2092.4,793.5,1233.1,228.4,119.1,234.4,11328.4,3761.9,2814.4,2091.9,787.1,1234.1,227.9,119.1,228.3,11244.3
Jun-2000,3928.5,2928.3,2155.5,801.7,1253.4,229.7,125.5,252.7,11675.2,4144.8,3078.2,2231.4,841.2,1318.9,239.0,122.9,265.1,12241.6,3770.8,2825.0,2102.6,792.4,1238.8,229.3,119.3,229.7,11304.0
Jul-2000,3528.6,2584.4,2060.2,730.4,1138.1,216.3,125.6,221.6,10605.2,3639.5,2667.3,2113.8,757.1,1193.3,231.2,118.0,223.1,10943.4,3917.0,2807.3,2156.3,797.1,1243.0,239.8,118.9,238.2,11455.8
Aug-2000,3736.8,2727.3,2148.3,777.0,1207.4,233.6,130.9,229.3,11190.6,3885.2,2819.5,2173.5,800.5,1242.3,241.4,119.5,236.9,11518.8,3913.0,2820.8,2165.0,801.5,1240.1,241.5,118.7,239.1,11506.9
Sep-2000,3991.7,2717.8,2145.3,779.0,1226.2,233.1,123.2,230.9,11447.4,4080.7,2822.6,2166.4,800.3,1265.7,243.6,118.8,238.1,11736.2,3911.1,2840.2,2172.9,805.8,1234.0,243.2,118.4,240.2,11557.1
Oct-2000,3955.3,2857.1,2220.7,804.9,1220.6,241.2,121.2,243.4,11664.4,3946.6,2857.3,2202.6,805.9,1208.4,244.8,117.8,243.8,11627.1,3917.9,2869.1,2183.1,811.0,1226.6,245.0,118.2,241.9,11617.6
Nov-2000,4034.9,3048.3,2264.4,872.5,1273.7,260.4,118.7,255.0,12127.8,3890.3,2905.2,2187.4,825.2,1211.6,247.8,117.4,244.8,11629.7,3938.0,2907.2,2197.3,817.5,1221.3,247.3,118.1,244.3,11698.3
Dec-2000,5266.6,3991.5,2825.7,1106.9,1589.6,329.0,133.7,324.2,15567.3,3951.3,2979.9,2194.0,833.3,1211.6,248.8,118.6,246.1,11783.5,3971.5,2949.6,2216.2,825.7,1219.8,249.8,118.3,247.1,11801.3
Jan-2001,3932.9,2887.5,2222.5,795.3,1190.1,244.4,104.7,234.8,11612.2,4030.1,2972.8,2232.0,823.6,1219.3,250.2,118.2,249.8,11896.0,4012.0,2988.6,2240.2,835.0,1221.7,252.4,118.7,249.6,11918.1
Feb-2001,3569.5,2669.4,1999.9,733.7,1098.9,232.2,100.4,221.1,10625.2,4064.7,3038.4,2285.0,843.9,1236.7,256.4,119.6,251.2,12095.8,4053.0,3022.1,2266.2,845.1,1225.9,254.6,119.4,251.6,12038.0
Mar-2001,3999.0,3010.5,2225.6,851.4,1226.5,259.2,115.0,253.2,11940.5,4095.1,3055.8,2295.2,856.7,1239.2,257.6,120.6,256.2,12176.4,4091.3,3051.9,2290.4,855.7,1231.1,255.9,120.2,253.3,12149.8
Apr-2001,3918.2,2909.4,2156.0,820.5,1172.1,245.5,112.0,243.0,11576.8,4125.5,3065.7,2310.4,867.2,1247.5,258.0,120.7,255.2,12250.2,4119.7,3078.6,2308.2,866.2,1235.9,256.1,120.9,255.1,12240.7
May-2001,4087.5,3020.2,2269.1,868.6,1204.4,251.1,122.2,252.7,12075.8,4144.2,3085.4,2325.1,881.5,1216.0,254.7,121.4,254.4,12282.6,4135.3,3104.2,2317.6,876.1,1240.2,255.5,121.3,257.2,12307.5
Jun-2001,3904.2,2981.8,2231.0,837.5,1179.9,242.4,125.4,247.1,11749.3,4137.0,3147.4,2321.3,882.7,1244.0,254.4,122.4,256.6,12365.7,4141.3,3128.5,2319.2,884.8,1247.2,254.6,121.6,259.6,12356.8
Jul-2001,4016.7,3062.8,2266.2,861.2,1205.1,236.2,129.8,261.0,12038.9,4157.3,3163.4,2319.2,893.5,1264.0,251.4,121.8,265.4,12436.1,4144.6,3150.0,2319.4,891.7,1257.6,253.9,121.9,262.0,12401.1
Aug-2001,4030.0,3101.9,2307.9,875.2,1247.4,247.6,135.3,259.6,12204.9,4140.2,3165.7,2321.3,894.7,1277.5,254.9,123.1,265.5,12442.8,4152.0,3169.2,2324.6,897.4,1271.5,254.1,122.4,264.5,12455.7
Sep-2001,3984.9,3008.3,2259.2,861.5,1216.6,239.4,122.5,256.9,11949.3,4140.7,3180.6,2318.0,903.6,1277.2,254.6,119.5,268.0,12462.2,4168.0,3188.4,2336.8,903.5,1287.6,255.4,123.2,266.8,12529.8
Oct-2001,4242.6,3247.2,2396.2,920.1,1334.5,257.4,131.2,268.7,12797.9,4197.7,3210.8,2346.5,912.7,1307.7,258.6,126.2,266.7,12627.0,4192.2,3208.0,2355.7,910.6,1304.0,257.7,124.4,268.8,12621.3
Nov-2001,4417.4,3387.9,2483.2,979.8,1404.4,275.7,128.9,281.5,13359.0,4211.3,3215.5,2380.2,916.2,1324.2,260.2,127.7,269.3,12704.7,4219.6,3230.2,2378.0,918.9,1318.8,260.4,125.7,270.3,12721.9
Dec-2001,5609.6,4299.2,3092.7,1202.6,1710.5,338.8,138.3,351.8,16743.5,4256.7,3254.0,2436.1,923.3,1322.4,262.0,124.5,271.6,12850.6,4247.2,3256.8,2401.8,928.3,1331.3,263.4,127.2,271.7,12827.6
Jan-2002,4244.3,3241.8,2441.6,921.5,1339.9,268.6,117.3,261.0,12836.0,4318.5,3312.5,2420.3,940.6,1352.1,268.9,130.7,275.4,13018.9,4271.4,3286.8,2425.1,938.0,1342.7,266.8,128.6,273.1,12932.7
Feb-2002,3747.0,2906.0,2119.6,827.5,1197.9,243.9,108.2,242.3,11392.4,4273.9,3297.7,2427.9,950.5,1351.4,269.5,128.9,274.9,12974.7,4290.8,3317.0,2446.8,947.1,1351.7,270.4,130.1,274.5,13028.5
Mar-2002,4153.2,3267.7,2374.9,945.6,1324.1,272.1,122.3,268.5,12728.5,4275.2,3340.7,2465.5,957.2,1356.5,271.6,130.4,272.4,13069.4,4308.1,3345.2,2465.9,954.7,1358.1,273.6,131.2,275.6,13112.4
Apr-2002,4098.6,3202.9,2311.8,909.8,1281.5,262.3,124.8,264.0,12455.8,4321.3,3380.0,2474.4,958.3,1352.8,275.6,133.1,277.0,13172.6,4329.1,3371.4,2483.9,961.1,1361.2,276.0,132.1,276.4,13190.4
May-2002,4362.7,3364.3,2477.2,962.9,1359.7,278.8,134.5,278.1,13217.9,4403.6,3402.0,2537.2,971.0,1373.3,282.4,133.3,279.1,13381.9,4355.1,3392.6,2501.0,966.7,1361.0,277.0,132.7,276.6,13261.2
Jun-2002,4076.9,3215.4,2392.7,910.2,1291.2,262.3,135.4,266.6,12550.6,4333.7,3404.0,2506.7,967.0,1371.6,279.8,133.5,276.1,13272.4,4385.2,3408.1,2517.4,972.0,1358.9,277.0,132.6,276.8,13325.7
Jul-2002,4264.8,3310.6,2478.4,939.1,1288.6,258.8,141.6,261.4,12943.3,4423.0,3418.0,2524.2,971.5,1344.2,272.3,131.1,266.7,13351.1,4417.3,3419.3,2532.9,977.8,1358.1,276.6,132.1,277.2,13388.6
Aug-2002,4376.7,3356.9,2529.4,968.8,1346.3,266.8,144.7,272.1,13261.7,4476.5,3438.2,2536.3,989.1,1363.3,274.5,131.1,276.3,13485.3,4446.5,3428.5,2548.7,983.9,1361.8,276.4,131.4,277.6,13452.5
Sep-2002,4285.1,3251.6,2496.2,938.6,1265.1,255.5,133.8,262.4,12888.3,4471.6,3447.1,2583.1,995.4,1345.2,275.4,131.9,276.0,13525.8,4469.3,3437.8,2566.2,989.4,1370.3,276.7,130.8,278.1,13517.1
Oct-2002,4534.9,3464.4,2656.8,1004.6,1437.2,282.5,135.0,283.5,13798.9,4451.4,3399.6,2564.8,984.9,1386.4,278.2,128.6,280.4,13474.3,4485.6,3450.1,2583.9,993.0,1382.5,277.9,130.8,278.8,13581.8
Nov-2002,4753.7,3655.2,2727.3,1065.8,1489.1,296.1,132.7,298.3,14418.4,4535.3,3494.6,2618.8,1001.2,1409.0,282.0,131.5,284.1,13756.4,4496.7,3464.9,2599.8,994.5,1395.5,279.6,131.2,280.1,13642.2
Dec-2002,5901.4,4586.9,3319.8,1297.1,1826.4,366.8,144.7,358.4,17801.4,4506.0,3488.2,2616.9,999.3,1419.6,283.4,131.3,279.5,13724.1,4504.9,3483.0,2613.8,994.7,1406.5,281.7,131.9,281.7,13698.5
Jan-2003,4452.1,3463.1,2665.7,981.2,1403.0,284.1,120.4,266.9,13636.3,4495.9,3505.2,2640.5,990.6,1416.1,281.5,133.6,279.4,13742.8,4512.8,3502.7,2625.9,995.4,1413.1,283.6,132.5,283.9,13750.1
Feb-2003,3961.9,3101.2,2276.8,865.6,1239.7,256.9,111.9,253.5,12067.5,4520.3,3512.4,2615.3,992.1,1401.7,283.9,133.5,287.4,13746.6,4524.5,3523.4,2639.7,998.0,1416.0,285.5,132.9,286.4,13806.4
Mar-2003,4349.9,3433.7,2496.6,960.6,1359.9,281.7,124.5,282.8,13289.7,4526.6,3544.2,2643.8,995.4,1420.4,289.0,133.8,290.9,13844.1,4539.6,3544.4,2657.1,1002.1,1418.7,287.6,133.0,288.9,13871.5
Apr-2003,4379.0,3398.4,2546.9,974.3,1361.8,282.5,124.7,280.2,13347.9,4588.3,3565.8,2694.9,1010.9,1420.0,291.3,132.3,291.8,13995.3,4559.0,3565.7,2679.8,1005.8,1424.0,290.3,133.0,291.1,13948.8
May-2003,4529.7,3561.2,2653.4,1006.8,1428.7,290.3,134.2,292.9,13897.3,4585.1,3614.8,2719.2,1016.8,1435.4,294.9,133.0,293.3,14092.6,4585.1,3588.8,2708.3,1007.9,1433.2,293.7,133.1,292.8,14042.8
Jun-2003,4334.4,3391.9,2577.4,953.9,1338.6,271.5,133.0,283.4,13284.0,4601.0,3577.0,2724.5,1018.3,1435.1,292.7,132.0,294.4,14075.1,4621.2,3615.9,2743.2,1008.9,1444.2,297.9,133.7,293.4,14158.4
Jul-2003,4504.0,3576.5,2780.5,983.0,1433.7,294.9,147.8,285.1,14005.4,4648.4,3669.7,2789.2,1004.9,1462.9,304.1,135.3,290.1,14304.5,4665.4,3645.7,2782.5,1009.8,1454.4,302.6,134.7,293.1,14288.3
Aug-2003,4526.3,3521.5,2766.1,963.3,1427.1,293.2,149.0,286.7,13933.3,4712.8,3664.0,2806.4,999.8,1475.9,307.7,137.0,293.0,14396.6,4714.4,3678.5,2824.6,1012.7,1463.8,307.5,136.2,292.5,14430.2
Sep-2003,4613.6,3530.1,2824.0,960.5,1407.8,294.8,140.6,284.6,14055.9,4761.0,3713.1,2877.4,1008.4,1471.7,313.7,136.7,296.6,14578.7,4761.3,3713.3,2867.0,1018.7,1473.5,312.4,137.7,292.0,14576.0
Oct-2003,4946.6,3865.1,3026.1,1065.8,1525.2,322.8,146.4,290.6,15188.7,4820.2,3753.7,2910.8,1036.5,1471.1,316.1,139.2,286.3,14734.0,4799.1,3751.8,2906.7,1027.7,1484.3,316.6,139.0,291.7,14716.8
Nov-2003,5062.9,3935.1,3035.2,1091.9,1553.8,331.6,140.8,303.6,15455.0,4872.4,3801.6,2948.7,1047.5,1491.2,321.3,141.7,291.8,14916.2,4822.9,3792.5,2938.7,1038.3,1496.4,319.6,139.7,291.6,14839.7
Dec-2003,6316.2,5016.2,3776.8,1370.2,1953.8,418.1,156.0,377.1,19384.4,4806.6,3809.6,2964.7,1045.6,1505.9,320.5,139.8,293.1,14885.7,4832.9,3830.1,2960.7,1047.9,1509.5,321.4,139.9,291.7,14934.0
Jan-2004,4791.1,3790.2,3018.7,1052.5,1544.1,330.3,126.3,281.5,14934.7,4822.9,3853.3,2985.6,1059.9,1550.8,325.6,139.7,291.9,15029.6,4835.9,3858.5,2976.9,1055.4,1522.6,322.5,140.1,291.9,15003.9
Feb-2004,4353.8,3555.3,2671.9,944.0,1379.2,297.2,121.4,265.7,13588.5,4825.1,3892.7,2990.0,1053.1,1524.8,319.7,141.2,292.2,15038.8,4841.2,3875.2,2992.7,1061.3,1535.8,323.6,140.8,292.2,15062.8
Mar-2004,4678.1,3831.3,2834.9,1042.9,1479.5,319.7,129.9,284.5,14600.9,4863.0,3937.9,2981.0,1068.1,1542.8,324.2,138.6,293.6,15149.2,4853.3,3878.1,3009.9,1066.4,1547.7,324.7,142.1,292.5,15114.6
Apr-2004,4673.5,3720.6,2866.1,1042.1,1513.3,319.8,136.4,280.3,14552.0,4849.8,3851.2,3022.6,1070.7,1559.5,326.9,144.2,291.1,15116.0,4872.4,3873.4,3031.9,1071.7,1559.2,326.1,143.7,292.6,15170.9
May-2004,4772.0,3711.5,2916.8,1032.0,1511.5,309.9,143.9,287.5,14685.1,4908.3,3827.6,3066.3,1076.6,1565.4,326.1,145.7,292.5,15208.3,4894.9,3869.4,3057.7,1077.3,1571.9,327.5,145.4,292.8,15236.7
Jun-2004,4677.0,3690.8,3000.0,1041.9,1513.5,313.9,154.8,287.2,14679.0,4926.4,3869.1,3116.3,1087.6,1590.9,331.9,151.0,293.7,15366.8,4915.2,3872.5,3083.6,1082.1,1585.8,329.0,146.8,293.1,15308.1
Jul-2004,4831.4,3784.3,3095.2,1074.0,1592.8,324.9,160.9,291.4,15154.9,4943.5,3872.6,3075.8,1086.6,1604.5,331.7,146.1,294.3,15355.3,4928.8,3886.1,3103.0,1086.1,1600.2,330.0,147.5,293.4,15375.1
Aug-2004,4679.7,3724.4,3033.0,1024.0,1525.4,306.3,156.7,282.2,14731.7,4909.4,3900.9,3095.3,1080.5,1597.2,325.8,145.8,292.7,15347.6,4935.8,3905.4,3111.4,1089.1,1612.7,330.8,147.5,293.7,15426.5
Sep-2004,4841.5,3809.5,3145.6,1054.9,1595.5,319.5,154.2,283.5,15204.1,4960.5,3959.3,3176.5,1098.5,1642.3,334.6,148.1,294.0,15613.8,4938.6,3922.1,3109.6,1091.3,1621.3,331.7,147.1,294.1,15455.9
Oct-2004,5021.0,4016.3,3175.2,1108.0,1659.4,335.6,152.8,300.8,15769.1,4936.0,3948.9,3082.8,1092.6,1621.6,333.7,147.3,295.7,15458.5,4942.7,3930.0,3103.1,1094.1,1626.0,333.0,147.0,294.4,15470.4
Nov-2004,5144.6,4064.3,3184.0,1142.2,1692.3,342.4,145.8,302.2,16017.9,4942.7,3918.6,3083.1,1094.5,1625.4,331.9,146.8,292.0,15434.9,4948.4,3926.8,3097.8,1096.8,1627.1,334.8,147.3,294.5,15473.7
Dec-2004,6517.2,5230.8,3944.0,1458.2,2155.1,444.8,165.2,382.9,20298.1,4926.4,3928.4,3061.1,1098.3,1636.5,335.3,146.5,296.6,15428.9,4953.1,3919.3,3095.7,1098.4,1626.0,336.7,148.1,294.4,15471.7
Jan-2005,4887.2,3741.3,3068.6,1060.4,1560.0,337.0,130.6,281.6,15066.7,4972.4,3864.2,3107.7,1095.7,1614.3,341.8,147.5,295.4,15439.1,4954.4,3916.4,3096.4,1097.9,1625.7,338.3,148.8,294.2,15472.0
Feb-2005,4377.8,3491.4,2716.1,971.3,1438.3,310.3,128.0,260.3,13693.5,4987.6,3946.8,3124.8,1106.0,1630.0,341.2,152.7,294.3,15583.4,4952.5,3922.8,3099.2,1095.7,1628.3,339.1,149.2,294.1,15480.9
Mar-2005,4825.0,3849.7,3002.2,1092.4,1590.1,342.0,141.4,285.9,15128.9,4974.6,3934.0,3114.6,1105.9,1626.7,339.8,150.5,293.0,15539.1,4950.0,3939.1,3104.9,1093.6,1635.8,339.6,149.2,294.6,15506.8
Apr-2005,4674.5,3778.5,2918.9,1035.4,1583.7,326.6,140.5,284.6,14742.6,4877.8,3932.4,3103.1,1068.2,1645.7,338.3,148.0,293.4,15407.0,4950.8,3960.8,3111.3,1093.4,1648.4,340.3,148.9,296.1,15550.1
May-2005,4765.7,3896.0,2939.7,1043.5,1597.4,322.2,144.5,291.7,15000.6,4942.7,4012.1,3096.8,1090.8,1662.8,340.5,146.8,298.8,15591.3,4956.0,3980.5,3117.9,1095.4,1663.0,341.6,148.6,298.6,15601.5
Jun-2005,4803.5,3877.0,3019.3,1059.6,1626.4,324.5,153.1,296.3,15159.8,5005.6,4019.1,3126.2,1101.3,1688.6,341.3,148.2,302.1,15732.3,4967.5,3992.8,3127.9,1099.0,1677.2,343.9,148.3,301.5,15658.2
Jul-2005,4821.7,3845.0,3142.5,1087.2,1645.7,337.0,160.1,300.1,15339.3,4981.2,3974.2,3152.0,1112.9,1684.0,348.8,147.3,305.1,15705.6,4984.3,3995.0,3142.8,1102.8,1688.6,347.1,148.2,304.4,15713.3
Aug-2005,4806.6,3827.1,3145.8,1068.0,1652.0,337.3,163.4,298.9,15299.0,5009.7,3994.2,3172.7,1111.1,1711.4,352.7,150.1,308.7,15810.6,5003.1,3988.3,3161.9,1105.3,1696.1,350.8,148.3,306.7,15760.4
Sep-2005,4896.1,3857.6,3158.3,1071.7,1657.1,339.9,155.9,299.4,15436.0,5020.9,3992.1,3170.4,1110.2,1696.2,354.5,149.9,309.5,15803.7,5019.3,3978.3,3182.7,1106.1,1701.5,354.4,148.4,308.4,15799.1
Oct-2005,5093.9,3997.0,3278.0,1094.2,1722.7,355.6,152.2,309.1,16002.8,5016.3,3962.2,3209.5,1095.1,1698.6,357.8,147.6,306.1,15793.2,5032.3,3969.3,3203.8,1105.5,1707.0,357.9,148.3,309.5,15833.5
Nov-2005,5277.6,4122.5,3332.3,1155.6,1789.2,374.0,146.2,323.5,16520.8,5068.4,3960.4,3213.0,1100.7,1712.9,359.4,146.6,310.3,15871.7,5045.9,3970.1,3224.1,1105.5,1715.1,361.3,148.2,310.2,15880.5
Dec-2005,6687.5,5256.5,4201.6,1470.2,2286.8,481.0,168.5,402.8,20955.0,5048.3,3970.3,3255.5,1109.9,1728.8,362.7,148.6,310.5,15934.5,5064.8,3986.0,3243.0,1109.0,1726.9,364.3,148.5,310.9,15953.4
Jan-2006,4979.4,3892.5,3202.0,1083.6,1662.7,362.3,132.6,299.6,15614.7,5088.0,4012.1,3255.6,1117.9,1733.6,369.5,150.9,315.7,16043.1,5089.0,4016.8,3260.9,1115.7,1742.0,366.7,149.4,311.4,16051.8
Feb-2006,4496.9,3586.4,2856.8,992.3,1562.3,335.9,126.4,274.1,14231.0,5111.0,4053.7,3292.3,1126.0,1771.3,368.9,150.6,310.2,16183.8,5118.0,4058.9,3277.7,1124.2,1758.9,368.1,151.2,312.0,16168.9
Mar-2006,5003.8,4044.0,3160.2,1117.1,1724.0,373.8,142.6,303.1,15868.7,5150.9,4093.1,3290.8,1124.1,1770.9,371.9,150.7,310.4,16262.6,5150.4,4105.7,3294.7,1133.0,1775.6,368.5,153.6,312.8,16294.4
Apr-2006,4953.0,3990.6,3069.4,1095.6,1711.9,348.7,146.3,303.7,15619.2,5186.6,4192.2,3294.4,1153.2,1791.4,366.7,157.1,315.6,16457.1,5181.9,4148.0,3312.7,1141.0,1790.4,368.3,156.4,313.8,16412.4
May-2006,5036.8,4061.8,3176.9,1113.0,1754.6,349.2,159.9,306.9,15959.0,5209.7,4182.8,3328.9,1149.7,1810.6,363.9,160.9,313.2,16519.7,5209.7,4181.3,3331.9,1148.2,1803.9,368.2,159.0,315.3,16517.5
Jun-2006,5044.5,4093.4,3263.4,1115.3,1756.5,351.3,167.2,314.9,16106.6,5250.3,4214.6,3364.4,1150.4,1816.0,368.5,161.7,319.6,16645.5,5232.3,4206.2,3351.5,1156.0,1817.5,368.6,161.2,317.5,16610.7
Jul-2006,5081.7,4033.6,3349.0,1121.3,1784.0,356.1,177.7,311.2,16214.5,5254.3,4202.5,3373.8,1160.0,1831.4,371.1,163.6,319.8,16676.6,5249.5,4224.4,3369.7,1164.1,1832.1,369.5,162.9,320.4,16692.6
Aug-2006,5081.5,4111.5,3413.8,1141.1,1802.1,359.7,179.3,313.0,16401.9,5248.3,4235.0,3393.0,1173.9,1837.4,370.4,163.2,322.0,16743.3,5264.0,4239.1,3384.0,1172.0,1848.6,370.6,164.0,323.4,16765.9
Sep-2006,5118.6,4059.4,3372.6,1134.5,1818.4,357.1,170.4,317.6,16348.7,5270.1,4247.9,3387.6,1177.8,1868.6,373.7,164.5,325.8,16816.1,5277.3,4253.5,3395.5,1179.4,1867.4,371.5,165.0,326.0,16835.7
Oct-2006,5352.2,4340.5,3478.8,1198.9,1914.5,369.4,170.1,331.2,17155.7,5312.0,4299.0,3412.1,1198.5,1899.7,372.6,166.0,330.5,16990.5,5295.8,4271.3,3408.2,1187.2,1888.5,372.0,166.2,328.2,16917.3
Nov-2006,5573.7,4500.3,3563.5,1252.9,2007.5,389.3,167.2,345.9,17800.4,5315.4,4281.4,3433.0,1194.5,1906.8,371.6,166.6,332.2,17001.5,5323.9,4293.0,3427.8,1195.8,1911.8,372.5,167.6,330.1,17022.4
Dec-2006,7014.5,5625.7,4355.5,1549.8,2496.6,482.8,189.6,428.5,22142.8,5348.3,4289.6,3421.3,1190.6,1927.3,371.3,170.1,331.3,17049.7,5359.6,4313.9,3455.6,1204.1,1935.5,373.4,169.0,331.8,17142.9
Jan-2007,5293.0,4208.0,3437.0,1190.0,1891.0,372.0,151.2,313.1,16855.2,5374.5,4333.4,3487.3,1209.2,1957.7,375.2,170.7,328.7,17236.8,5396.6,4331.3,3489.9,1212.1,1957.6,375.4,170.4,333.7,17267.0
Feb-2007,4791.5,3853.8,3069.9,1083.1,1746.9,345.3,144.4,296.5,15331.4,5439.1,4362.1,3544.1,1227.5,1981.2,378.7,171.9,335.5,17440.3,5430.2,4343.4,3528.8,1219.6,1976.6,378.5,171.8,335.8,17384.6
Mar-2007,5408.0,4332.8,3484.6,1238.0,1965.1,386.2,165.3,337.8,17317.7,5537.6,4389.4,3593.0,1242.4,2003.3,382.9,173.4,342.6,17664.6,5460.7,4351.7,3568.8,1225.8,1991.0,382.6,173.1,338.1,17491.7
Apr-2007,5187.5,4132.2,3317.9,1143.9,1889.5,362.0,160.0,321.4,16514.4,5479.6,4343.8,3604.0,1219.3,1999.9,384.5,172.4,338.6,17542.1,5492.9,4359.3,3607.3,1230.4,2001.4,387.1,174.5,340.3,17592.8
May-2007,5316.4,4239.7,3480.6,1199.5,1971.1,378.9,176.4,337.9,17100.4,5464.2,4329.1,3608.2,1227.9,2004.4,391.4,176.0,342.3,17543.4,5530.4,4370.1,3643.7,1234.2,2008.1,391.0,175.8,342.2,17695.0
Jun-2007,5321.7,4223.8,3582.1,1206.5,1942.5,378.2,185.1,344.4,17184.1,5545.9,4390.3,3697.9,1245.6,2013.4,398.7,179.8,346.4,17818.1,5573.7,4386.9,3678.9,1238.4,2013.4,393.6,177.2,343.6,17805.8
Jul-2007,5428.0,4244.9,3709.6,1201.9,1954.4,377.2,193.1,327.9,17437.0,5651.4,4413.6,3728.5,1240.1,2013.3,394.0,178.2,339.9,17959.0,5622.4,4411.9,3714.4,1244.7,2020.9,394.9,178.8,344.5,17933.7
Aug-2007,5538.0,4364.1,3755.4,1225.8,1993.6,389.7,197.6,337.3,17801.5,5687.4,4454.5,3720.5,1253.2,2024.7,396.7,179.7,346.1,18062.7,5670.5,4445.6,3749.8,1254.5,2031.0,395.3,180.8,345.2,18075.3
Sep-2007,5537.3,4265.4,3742.2,1195.6,1973.0,368.9,185.9,335.2,17603.5,5741.4,4489.2,3792.0,1265.1,2048.7,393.7,181.8,347.2,18259.2,5709.5,4483.1,3781.2,1267.5,2040.9,395.3,183.1,345.7,18210.1
Oct-2007,5784.4,4538.3,3903.3,1303.1,2066.5,394.5,190.6,349.8,18530.4,5732.6,4504.4,3814.3,1284.3,2037.1,391.5,184.7,347.6,18296.6,5731.9,4518.7,3805.8,1282.2,2046.8,395.3,185.2,346.0,18316.2
Nov-2007,6027.4,4791.6,3985.0,1361.6,2176.9,415.6,188.4,360.5,19307.1,5727.8,4543.3,3833.8,1295.1,2073.3,394.8,187.7,345.4,18401.2,5736.9,4547.5,3822.7,1296.9,2047.3,395.5,187.1,346.3,18384.2
Dec-2007,7552.0,5978.5,4821.4,1674.5,2637.7,514.6,215.8,439.1,23833.7,5759.8,4577.7,3829.1,1309.3,2058.1,401.1,193.5,344.5,18473.1,5733.4,4570.2,3833.8,1310.5,2044.7,396.2,188.5,347.0,18427.0
Jan-2008,5666.2,4528.2,3803.2,1323.9,1981.7,397.9,167.5,332.5,18201.0,5697.8,4617.1,3830.0,1332.5,2022.8,399.5,187.7,346.9,18434.2,5728.3,4583.8,3838.1,1321.8,2041.2,397.3,189.4,347.9,18449.0
Feb-2008,5216.4,4184.1,3449.7,1230.3,1848.0,375.9,164.3,322.6,16791.4,5718.8,4565.6,3836.2,1336.0,2017.7,394.8,188.5,350.8,18408.3,5723.5,4586.6,3837.0,1331.0,2041.1,398.8,190.1,348.9,18457.0
Mar-2008,5513.5,4433.3,3681.3,1295.8,1973.5,392.2,176.2,342.1,17807.9,5717.2,4589.0,3854.2,1330.5,2046.4,397.2,188.7,349.8,18473.0,5718.3,4582.7,3835.8,1340.0,2047.4,400.9,191.0,349.8,18465.4
Apr-2008,5416.9,4379.4,3572.7,1288.4,1979.5,385.5,182.6,338.1,17543.0,5722.7,4573.3,3832.7,1344.2,2075.3,405.3,194.3,351.3,18498.9,5708.7,4575.7,3839.0,1349.8,2060.3,403.6,192.5,349.8,18479.0
May-2008,5588.5,4517.8,3734.9,1335.1,2058.9,400.8,197.0,350.5,18183.5,5704.8,4591.5,3839.8,1356.9,2073.0,409.1,195.3,351.0,18521.4,5692.1,4570.7,3847.3,1360.6,2076.4,406.7,194.6,348.9,18497.4
Jun-2008,5376.1,4313.1,3622.1,1292.3,1962.5,377.3,198.9,335.6,17477.9,5668.6,4511.2,3812.9,1373.5,2076.9,408.5,196.4,345.1,18393.1,5670.6,4572.3,3860.0,1371.4,2090.7,409.8,197.1,347.7,18519.7
Jul-2008,5498.5,4483.8,3965.5,1375.0,2105.3,405.7,219.9,337.5,18391.2,5659.8,4616.1,3926.8,1391.8,2124.7,414.9,199.5,347.6,18681.2,5647.4,4583.8,3876.0,1381.0,2098.2,412.5,199.7,346.8,18544.8
Aug-2008,5446.9,4477.7,3919.0,1345.7,2051.2,401.2,220.1,336.4,18198.2,5635.9,4619.0,3900.1,1387.2,2099.7,414.5,202.5,344.2,18603.1,5629.5,4603.1,3894.1,1387.7,2098.4,414.6,202.3,346.6,18575.1
Sep-2008,5371.9,4373.5,3862.6,1323.5,2021.4,390.9,211.2,330.2,17885.2,5573.7,4592.2,3901.4,1389.5,2097.7,414.4,205.6,346.3,18520.8,5627.8,4628.4,3911.7,1390.8,2093.7,416.3,204.8,347.5,18620.1
Oct-2008,5763.7,4774.8,4042.6,1430.5,2135.5,426.9,214.0,356.6,19144.5,5661.0,4670.4,3927.0,1392.6,2078.5,417.3,206.4,351.7,18704.7,5647.9,4659.3,3928.4,1391.3,2088.1,418.1,207.4,349.3,18690.6
Nov-2008,5945.4,4897.4,4050.0,1432.9,2143.1,433.3,207.8,368.6,19478.5,5681.6,4704.7,3936.7,1385.4,2071.8,419.9,209.7,351.3,18761.1,5689.3,4693.9,3944.8,1390.9,2082.8,420.2,210.1,351.6,18787.7
Dec-2008,7733.9,6379.8,5186.4,1854.0,2749.0,571.1,246.9,463.1,25184.3,5912.6,4889.4,4106.6,1441.6,2151.8,442.4,220.9,365.2,19530.6,5744.7,4729.4,3964.1,1391.0,2079.1,422.7,212.6,354.0,18905.7
Jan-2009,5990.9,4818.1,4064.0,1422.5,2110.0,430.5,195.5,353.0,19384.5,5959.0,4870.6,4073.5,1422.2,2130.1,428.7,217.4,363.8,19465.4,5804.4,4764.0,3987.4,1392.6,2078.3,425.3,214.3,356.0,19033.3
Feb-2009,5189.9,4244.2,3453.3,1229.6,1842.4,391.6,182.3,320.6,16853.8,5899.4,4827.6,3996.3,1395.6,2086.7,427.9,216.2,362.2,19211.9,5860.0,4796.7,4011.9,1395.8,2081.5,428.0,215.3,357.9,19157.2
Mar-2009,5751.0,4804.1,3932.4,1389.9,2053.4,431.8,210.6,354.6,18927.9,6026.1,4954.6,4136.2,1427.7,2143.5,442.1,224.7,363.9,19718.8,5907.2,4823.9,4032.8,1400.1,2088.5,430.5,215.5,359.7,19264.1
Apr-2009,5795.8,4770.4,3890.2,1374.9,2028.6,428.1,205.7,355.7,18849.3,6071.7,4958.2,4142.5,1434.1,2107.2,443.7,217.6,369.2,19744.1,5944.5,4847.9,4049.2,1405.0,2098.7,432.6,215.1,361.8,19354.6
May-2009,5943.7,4852.4,4038.8,1412.8,2129.3,429.8,217.6,373.1,19397.5,6123.1,4966.5,4187.8,1450.8,2173.2,445.8,219.3,374.0,19940.4,5972.7,4867.8,4060.5,1408.4,2110.0,434.5,214.6,364.1,19426.8
Jun-2009,5799.4,4717.1,3952.6,1373.2,2066.7,412.2,220.5,361.2,18902.9,6115.2,4952.3,4122.7,1441.0,2173.1,442.2,215.7,371.5,19833.7,5997.9,4884.2,4067.6,1411.0,2121.5,436.4,214.6,366.3,19490.6
Jul-2009,5884.7,4798.1,4109.8,1401.3,2134.2,432.4,240.0,360.0,19360.6,6040.8,4898.0,4062.4,1414.3,2151.3,438.1,217.2,370.6,19592.8,6030.3,4898.8,4073.1,1413.1,2132.4,438.5,215.3,368.3,19561.3
Aug-2009,5861.6,4745.9,4094.5,1357.5,2078.3,422.9,236.1,359.9,19156.7,6068.7,4918.5,4091.0,1413.7,2138.3,440.0,217.2,372.1,19659.5,6076.3,4914.3,4079.3,1415.7,2142.5,440.5,216.8,370.2,19650.2
Sep-2009,5852.2,4724.0,4045.1,1354.5,2059.2,417.3,221.9,356.1,19030.3,6057.1,4948.8,4076.9,1409.6,2128.1,441.0,216.7,370.6,19648.7,6129.0,4933.6,4088.2,1419.6,2152.2,442.2,218.7,371.7,19752.9
Oct-2009,6315.2,5001.0,4231.3,1454.2,2228.4,457.7,230.9,375.8,20294.6,6167.3,4889.0,4092.0,1413.3,2156.8,446.9,221.9,368.7,19755.8,6177.7,4952.9,4096.4,1423.6,2161.0,443.1,220.3,372.8,19848.4
Nov-2009,6603.4,5244.2,4195.0,1496.9,2232.7,457.5,220.0,390.5,20840.1,6301.9,5032.0,4111.0,1460.3,2183.9,444.9,223.0,377.4,20134.4,6212.3,4971.5,4100.7,1427.8,2170.0,442.9,221.5,374.0,19921.7
Dec-2009,8259.6,6542.1,5218.1,1827.9,2811.2,571.0,249.9,478.8,25958.5,6272.5,4964.6,4111.5,1415.7,2185.5,441.8,223.4,375.6,19990.5,6227.8,4989.5,4099.8,1432.7,2179.3,441.9,222.5,375.2,19969.3
Jan-2010,6229.9,4930.7,4049.3,1434.6,2154.7,431.7,195.6,365.6,19792.0,6242.8,5034.8,4102.7,1449.0,2190.7,436.0,221.0,376.3,20053.3,6228.0,5007.0,4093.7,1438.6,2186.9,440.9,223.5,376.4,19995.0
Feb-2010,5389.3,4403.5,3528.5,1257.3,1926.3,404.4,188.9,333.3,17431.5,6128.2,5024.8,4086.3,1430.2,2182.1,440.8,223.8,375.9,19892.0,6222.2,5025.5,4086.9,1445.5,2191.1,440.2,224.6,377.6,20013.6
Mar-2010,6038.6,4918.8,3925.1,1440.5,2135.8,442.0,214.6,374.9,19490.3,6221.8,5007.0,4046.8,1436.0,2184.0,438.4,225.0,379.3,19938.3,6224.6,5047.2,4084.1,1452.9,2191.9,439.7,225.6,378.6,20044.6
Apr-2010,5846.5,4847.3,3829.7,1403.2,2104.1,421.0,216.0,364.1,19032.0,6221.4,5087.2,4109.4,1483.7,2208.4,441.4,229.4,380.3,20161.1,6246.3,5075.0,4089.1,1459.7,2191.8,439.1,226.5,379.3,20106.7
May-2010,6087.5,4944.4,3927.7,1417.9,2133.7,422.3,225.4,374.5,19533.6,6301.7,5104.8,4086.4,1471.4,2189.8,441.2,227.0,378.2,20200.5,6283.6,5107.9,4101.5,1464.5,2193.1,438.1,227.4,379.5,20195.8
Jun-2010,6005.4,4896.5,3933.1,1398.0,2095.4,406.7,230.9,373.2,19339.1,6333.8,5140.3,4101.4,1462.9,2194.2,436.3,226.6,382.6,20278.1,6320.0,5142.6,4116.6,1465.9,2196.1,436.8,227.5,379.6,20285.1
Jul-2010,6215.9,5095.4,4242.8,1449.5,2179.7,427.4,252.5,368.6,20231.6,6348.3,5186.6,4166.5,1460.3,2187.5,432.8,226.3,377.7,20386.1,6340.7,5173.7,4129.5,1462.6,2199.2,435.5,226.6,379.3,20347.2
Aug-2010,6144.2,5016.8,4145.1,1398.9,2132.5,414.2,244.3,364.9,19860.8,6402.0,5198.1,4146.1,1453.5,2204.0,432.8,225.6,380.5,20442.5,6343.2,5198.7,4137.5,1456.4,2202.1,434.5,224.6,379.5,20376.6
Sep-2010,6174.6,5041.3,4123.5,1396.5,2170.8,411.9,235.2,362.6,19916.3,6336.6,5231.5,4144.4,1450.8,2228.3,432.5,227.5,376.8,20428.3,6335.8,5212.2,4140.7,1449.4,2206.5,433.6,222.5,380.5,20381.1
Oct-2010,6333.6,5262.2,4197.5,1475.4,2256.8,438.9,223.0,387.9,20575.4,6250.2,5184.9,4108.9,1449.6,2210.4,436.3,218.2,381.4,20239.8,6330.2,5211.5,4140.3,1444.5,2214.7,432.7,220.9,382.1,20376.8
Nov-2010,6621.3,5437.4,4263.7,1494.5,2281.2,451.2,215.1,399.3,21163.7,6314.7,5223.0,4143.2,1438.3,2216.6,434.5,216.1,385.6,20372.1,6332.3,5202.4,4140.3,1442.8,2227.2,431.4,220.6,384.0,20380.9
Dec-2010,8387.7,6952.0,5270.5,1846.1,2849.9,559.3,243.8,489.9,26599.2,6363.3,5240.9,4162.4,1427.6,2220.0,429.7,218.9,384.6,20447.5,6343.7,5194.0,4144.3,1443.0,2243.4,429.8,221.6,385.4,20405.6
Jan-2011,6343.8,5007.6,4074.3,1423.4,2221.6,415.1,199.4,378.6,20063.7,6370.0,5149.6,4152.3,1451.9,2273.3,422.0,224.5,391.0,20434.5,6355.4,5195.2,4155.2,1444.1,2262.7,428.1,223.7,386.0,20450.9
Feb-2011,5614.9,4513.7,3705.4,1272.1,2040.2,394.9,194.9,343.2,18079.3,6386.8,5155.4,4291.3,1449.9,2307.2,429.6,230.7,383.7,20634.6,6358.0,5209.8,4171.2,1444.2,2283.7,426.8,226.1,385.3,20505.7
Mar-2011,6136.0,5081.9,4004.6,1435.7,2254.5,423.6,219.4,378.1,19933.8,6355.2,5204.2,4165.0,1448.6,2303.1,425.3,229.4,382.2,20513.0,6348.6,5236.3,4189.1,1442.0,2305.4,426.2,228.0,383.7,20559.7
Apr-2011,6053.8,5140.5,4018.3,1390.6,2227.1,415.6,215.1,372.0,19833.0,6344.7,5349.3,4245.3,1440.6,2314.8,428.6,228.4,382.8,20734.3,6332.4,5267.3,4208.1,1437.6,2325.5,426.9,228.8,381.7,20608.7
May-2011,6038.9,5127.7,4068.0,1380.1,2269.0,408.2,224.8,371.3,19888.1,6301.3,5312.3,4233.9,1431.4,2340.5,428.0,227.6,379.7,20654.8,6320.7,5295.4,4227.1,1432.7,2343.1,428.6,228.9,380.3,20656.9
Jun-2011,5971.9,5078.4,4068.6,1349.0,2268.3,401.0,234.0,367.2,19738.3,6252.9,5298.1,4228.6,1416.2,2360.5,428.1,227.9,378.5,20590.9,6323.1,5313.5,4245.7,1429.5,2360.4,430.9,229.1,379.6,20711.9
Jul-2011,6161.2,5182.8,4285.9,1402.5,2347.1,421.0,252.4,366.8,20419.6,6355.4,5315.9,4252.4,1426.7,2387.2,432.3,229.8,378.0,20777.7,6342.3,5319.5,4261.0,1430.0,2378.6,433.5,229.8,379.5,20774.1
Aug-2011,6175.6,5142.0,4294.8,1393.3,2342.0,423.6,251.0,366.1,20388.3,6407.2,5322.0,4281.2,1436.0,2401.2,438.1,230.0,380.1,20895.8,6373.8,5318.1,4270.5,1433.9,2397.4,435.5,231.0,379.5,20839.9
Sep-2011,6255.1,5140.8,4298.1,1403.2,2346.2,421.0,241.8,369.6,20475.9,6407.3,5289.4,4293.8,1444.3,2397.6,439.3,232.9,383.2,20887.9,6405.4,5315.6,4276.5,1438.7,2414.9,436.6,232.1,379.7,20899.4
Oct-2011,6482.9,5378.4,4331.6,1455.3,2475.6,433.6,240.1,385.9,21183.4,6409.9,5343.4,4276.1,1444.9,2440.0,435.9,235.1,382.4,20967.7,6423.9,5317.0,4282.4,1442.4,2431.0,436.2,232.9,380.2,20946.0
Nov-2011,6781.2,5513.6,4428.6,1515.9,2547.3,453.6,232.8,391.2,21864.2,6454.3,5292.3,4304.2,1449.4,2460.3,436.7,235.1,375.5,21007.7,6424.8,5320.5,4291.3,1444.6,2447.3,434.9,233.3,381.4,20978.0
Dec-2011,8558.2,7119.7,5414.5,1869.2,3157.0,563.4,255.6,487.9,27425.4,6469.0,5360.7,4266.0,1447.2,2454.6,432.0,229.1,380.8,21039.4,6413.3,5320.9,4303.2,1445.8,2465.4,433.2,233.5,383.3,20998.6
Jan-2012,6317.7,5159.4,4230.3,1405.3,2412.3,420.7,208.1,375.8,20529.6,6380.6,5307.7,4313.2,1432.0,2480.3,426.6,234.5,389.7,20964.5,6405.2,5321.0,4322.4,1447.7,2486.3,431.9,234.0,386.0,21034.4
Feb-2012,5764.9,4796.1,3915.6,1319.8,2297.7,412.0,205.7,359.3,19071.2,6338.7,5299.5,4375.9,1452.1,2502.9,432.0,235.5,388.2,21025.0,6414.4,5324.2,4350.1,1451.2,2509.5,431.3,235.1,389.0,21104.8
Mar-2012,6271.1,5302.3,4259.0,1456.0,2517.6,438.0,229.0,395.1,20868.1,6421.9,5372.1,4383.8,1457.8,2541.5,433.6,236.8,394.5,21242.0,6443.6,5332.1,4382.7,1455.3,2533.2,431.2,236.9,392.1,21207.1
Apr-2012,6116.0,5024.6,4098.0,1385.9,2397.4,410.0,220.0,376.9,20028.9,6499.8,5293.4,4400.6,1466.9,2554.9,431.7,237.2,394.1,21278.5,6489.6,5344.6,4415.0,1459.1,2556.1,431.0,238.7,395.1,21329.1
May-2012,6350.6,5201.0,4306.5,1424.9,2547.8,413.4,240.2,388.6,20873.1,6556.8,5349.5,4434.1,1457.8,2589.9,428.7,240.2,396.2,21453.2,6542.6,5358.5,4444.0,1461.5,2578.3,430.1,240.2,397.6,21452.8
Jun-2012,6353.2,5195.4,4365.0,1404.9,2510.0,406.0,252.3,391.4,20878.1,6644.9,5415.7,4509.2,1467.5,2597.1,431.4,245.3,400.8,21711.9,6589.0,5368.2,4467.4,1461.5,2598.9,428.1,240.9,399.9,21553.8
Jul-2012,6337.6,5186.0,4465.2,1408.4,2517.1,407.1,263.1,380.0,20964.6,6609.4,5379.7,4471.6,1448.3,2605.9,423.2,240.6,396.8,21575.6,6616.2,5370.4,4484.2,1458.4,2617.7,425.2,240.8,401.4,21614.2
Aug-2012,6444.8,5271.5,4541.1,1428.2,2596.0,413.4,261.9,395.1,21352.0,6604.8,5359.0,4483.6,1456.6,2623.3,422.7,238.9,408.9,21597.9,6620.5,5363.1,4494.8,1453.5,2633.9,422.2,240.5,401.6,21630.2
Sep-2012,6434.3,5130.7,4458.2,1405.1,2577.8,396.3,244.7,393.2,21040.2,6635.4,5353.5,4513.9,1458.1,2659.1,422.1,238.5,404.2,21684.7,6613.4,5352.4,4502.8,1448.2,2646.5,420.2,240.3,400.7,21624.4
Oct-2012,6664.3,5350.9,4588.3,1461.4,2726.9,414.6,247.0,397.0,21850.4,6602.6,5324.8,4523.2,1440.4,2677.8,415.3,241.7,395.7,21621.5,6608.2,5344.7,4511.9,1443.2,2655.6,419.5,240.5,399.4,21622.9
Nov-2012,7003.2,5633.8,4675.8,1500.3,2775.7,436.2,239.1,416.0,22680.2,6597.3,5336.3,4500.1,1427.9,2653.0,415.6,239.2,399.3,21568.7,6613.6,5343.1,4525.5,1438.8,2660.4,419.9,241.1,398.9,21641.3
Dec-2012,8598.7,6969.2,5641.4,1814.6,3346.2,543.2,265.4,497.7,27676.4,6592.4,5341.4,4530.9,1435.9,2652.2,424.4,242.0,391.3,21610.5,6632.4,5350.4,4543.9,1435.6,2662.5,421.1,241.8,399.8,21687.5
Jan-2013,6647.5,5274.0,4516.7,1434.9,2601.0,425.0,220.9,390.6,21510.6,6647.5,5365.5,4553.4,1443.6,2653.3,424.9,246.0,403.2,21737.3,6661.1,5362.3,4564.7,1433.7,2664.3,422.0,242.0,402.3,21752.4
Feb-2013,5927.2,4748.3,4028.0,1258.2,2374.1,392.1,203.8,368.2,19299.8,6751.4,5406.9,4643.6,1431.2,2676.8,424.9,240.7,409.8,21985.2,6690.6,5373.9,4583.8,1433.8,2667.4,422.1,241.4,405.7,21818.7
Mar-2013,6531.4,5283.1,4439.8,1434.8,2650.5,427.1,230.0,413.9,21410.5,6711.6,5382.4,4578.0,1435.7,2678.4,421.9,241.8,411.1,21860.9,6714.4,5382.9,4599.8,1436.6,2672.4,421.9,240.7,409.0,21877.6
Apr-2013,6340.0,5106.1,4292.0,1359.1,2490.2,395.8,223.2,394.6,20601.1,6744.9,5367.4,4606.8,1436.4,2656.6,417.7,238.2,412.4,21880.3,6729.8,5390.3,4612.7,1442.4,2677.3,421.6,240.5,411.0,21925.6
May-2013,6542.1,5280.5,4512.4,1419.7,2674.5,410.6,240.7,400.5,21481.0,6739.6,5409.9,4625.7,1450.1,2705.3,422.7,240.5,409.4,22003.1,6739.2,5398.4,4624.0,1450.4,2679.2,422.3,241.5,411.7,21966.8
Jun-2013,6413.3,5154.2,4445.1,1376.1,2559.3,389.8,245.2,401.5,20984.5,6736.3,5412.3,4638.0,1453.4,2678.7,421.3,240.0,413.1,21993.1,6750.1,5412.1,4637.9,1459.9,2678.1,424.4,243.6,411.9,22018.1
Jul-2013,6480.5,5221.0,4649.2,1448.0,2590.2,417.8,273.7,393.8,21474.2,6739.4,5425.1,4640.0,1481.2,2667.6,430.5,248.3,410.6,22042.6,6769.4,5434.0,4656.5,1469.4,2677.6,428.0,246.4,412.2,22093.2
Aug-2013,6675.2,5387.6,4741.6,1453.0,2664.4,424.0,277.7,400.5,22024.0,6808.1,5454.5,4676.9,1479.3,2687.4,434.7,252.1,411.7,22204.7,6803.3,5465.3,4678.3,1477.0,2680.1,432.9,248.9,413.4,22198.9
Sep-2013,6604.1,5262.9,4632.1,1423.8,2563.7,409.0,258.4,397.9,21551.9,6875.4,5512.8,4713.9,1486.4,2665.7,435.7,252.5,414.0,22356.5,6852.1,5504.6,4700.1,1481.9,2687.3,438.6,250.8,414.9,22330.1
Oct-2013,7028.2,5618.7,4819.3,1505.5,2758.9,443.1,257.7,422.3,22853.7,6898.3,5532.1,4725.4,1472.6,2688.7,444.2,251.1,419.2,22431.6,6912.7,5546.5,4718.6,1484.6,2697.5,444.3,252.0,416.2,22472.9
Nov-2013,7393.5,5881.1,4914.0,1566.6,2860.6,467.7,251.5,436.1,23771.3,6962.3,5602.0,4737.2,1489.3,2725.7,447.3,252.0,414.9,22630.9,6982.6,5587.6,4734.2,1485.5,2707.9,449.5,252.7,416.6,22618.0
Dec-2013,9189.0,7356.6,5909.5,1879.1,3417.4,585.2,270.4,530.4,29137.6,7105.4,5669.0,4761.5,1489.5,2727.7,458.3,248.3,419.7,22879.4,7121.1,5672.5,4778.6,1485.7,2714.7,453.6,253.4,415.9,22898.6
Jan-2014,7237.4,5654.3,4787.3,1497.2,2681.9,468.0,233.9,400.6,22960.6,7226.8,5722.2,4791.2,1503.7,2714.9,461.0,259.6,413.7,23093.1,7182.5,5698.3,4787.8,1485.5,2715.4,456.5,254.5,413.8,22997.4
Feb-2014,6355.1,5033.2,4173.5,1312.8,2415.3,419.9,216.1,369.2,20295.0,7233.3,5719.8,4800.0,1492.3,2722.2,454.6,255.1,410.1,23087.4,7230.6,5713.9,4794.8,1485.6,2712.0,458.5,255.8,411.0,23064.8
Mar-2014,7045.2,5560.5,4596.0,1453.4,2624.7,454.3,243.9,408.2,22386.2,7297.3,5702.5,4801.3,1482.4,2689.8,457.9,256.7,409.4,23097.3,7265.3,5723.9,4800.1,1486.4,2707.8,459.8,256.9,408.4,23110.2
Apr-2014,6914.8,5492.2,4512.1,1426.3,2559.4,442.1,239.1,389.7,21975.8,7294.9,5754.1,4802.2,1485.9,2699.0,461.0,256.5,404.9,23158.5,7290.0,5734.5,4802.5,1488.5,2706.2,461.1,257.5,407.0,23148.1
May-2014,7078.5,5598.7,4694.4,1463.5,2676.0,446.9,260.7,401.4,22620.1,7257.2,5724.5,4807.0,1492.0,2705.4,460.7,259.2,406.1,23112.0,7313.2,5750.3,4802.4,1492.6,2709.8,462.4,257.4,407.5,23195.6
Jun-2014,6932.2,5464.0,4583.6,1408.7,2586.1,433.2,263.9,389.6,22061.3,7323.3,5756.1,4791.4,1496.0,2726.8,467.4,258.2,406.7,23225.9,7343.7,5772.9,4800.0,1499.3,2717.4,463.6,257.0,409.8,23263.4
Jul-2014,7178.3,5614.7,4841.7,1489.8,2661.2,451.1,280.3,400.2,22917.2,7418.7,5799.4,4807.3,1514.4,2728.7,464.0,253.9,416.0,23402.5,7383.7,5797.9,4796.0,1508.1,2726.3,464.4,256.6,413.8,23346.5
Aug-2014,7135.1,5685.7,4790.4,1472.7,2682.3,448.5,279.3,404.3,22898.2,7409.1,5849.8,4787.3,1514.1,2735.4,464.8,257.5,418.0,23436.0,7429.0,5820.6,4792.9,1517.5,2734.1,464.1,256.3,418.3,23432.9
Sep-2014,7330.2,5689.1,4768.1,1482.5,2669.2,443.6,263.8,410.8,23057.2,7540.0,5897.8,4820.8,1532.9,2757.4,468.1,255.5,425.5,23697.9,7527.8,5884.2,4815.8,1536.8,2756.3,466.6,256.2,424.3,23667.9
Oct-2014,7759.8,6023.4,4947.3,1589.9,2853.1,466.8,262.0,430.5,24332.7,7585.2,5895.3,4828.6,1550.5,2761.8,463.0,255.3,426.8,23766.6,7564.5,5898.6,4824.5,1544.4,2762.8,466.4,256.1,426.9,23744.3
Nov-2014,8020.7,6151.9,4939.0,1622.5,2870.1,481.7,254.6,452.9,24793.5,7592.5,5896.7,4813.6,1558.4,2763.1,468.3,257.3,431.5,23781.3,7591.6,5912.2,4843.1,1551.1,2769.9,467.3,256.2,427.9,23819.1
Dec-2014,9825.4,7645.5,6048.6,1968.1,3517.5,594.1,282.4,544.2,30425.9,7596.2,5903.6,4855.8,1551.9,2778.1,464.6,257.7,430.7,23838.6,7610.7,5927.2,4869.7,1556.7,2777.1,469.1,256.2,427.8,23894.5
Jan-2015,7663.1,5904.7,4937.5,1546.2,2751.1,480.2,229.7,412.0,23924.6,7628.9,5957.0,4916.4,1552.5,2777.0,472.3,253.3,420.2,23977.7,7627.7,5946.1,4899.6,1561.8,2783.5,471.4,256.0,427.6,23973.5
Feb-2015,6730.3,5283.1,4302.5,1383.7,2494.4,440.5,218.4,387.0,21239.9,7659.0,5990.6,4938.7,1572.4,2812.9,477.5,257.4,429.4,24137.8,7646.2,5967.7,4927.5,1566.7,2788.1,473.4,255.7,428.1,24053.4
Mar-2015,7455.4,5887.7,4807.2,1562.9,2723.4,480.2,242.0,425.4,23584.2,7660.3,5983.8,4970.1,1572.8,2785.8,477.1,255.5,427.0,24132.5,7670.4,5990.0,4949.0,1571.2,2791.0,474.7,255.7,429.6,24131.5
Apr-2015,7250.0,5726.7,4618.5,1491.8,2626.0,448.6,239.2,412.1,22812.9,7691.1,6018.3,4950.5,1577.9,2780.4,473.3,255.7,432.5,24179.7,7702.3,6012.4,4962.1,1575.4,2793.4,475.3,255.8,431.8,24208.5
May-2015,7476.0,5838.6,4796.4,1535.3,2743.5,458.0,253.8,430.9,23532.6,7718.0,6026.3,4958.8,1573.4,2798.8,474.5,254.8,436.4,24241.0,7739.8,6037.8,4966.5,1579.0,2796.9,475.6,256.3,433.9,24286.0
Jun-2015,7436.6,5777.1,4775.5,1508.9,2666.1,444.0,265.9,419.4,23293.5,7808.3,6062.0,4964.5,1587.9,2802.6,475.2,257.4,436.9,24394.6,7780.1,6069.4,4965.9,1581.9,2803.1,476.5,257.0,435.2,24369.1
Jul-2015,7575.9,5914.6,5035.1,1558.5,2756.5,468.5,286.8,419.9,24015.9,7823.2,6095.9,4978.9,1582.4,2807.3,478.1,259.5,436.6,24462.0,7820.4,6108.0,4964.8,1584.5,2811.4,478.3,257.7,435.6,24460.8
Aug-2015,7542.5,5938.6,4923.3,1525.5,2738.8,457.8,278.6,419.0,23824.2,7870.6,6152.8,4965.3,1584.2,2818.3,480.7,257.1,435.6,24564.7,7859.4,6150.7,4966.4,1588.1,2820.0,480.8,258.3,436.1,24559.9
Sep-2015,7664.8,5985.7,4898.0,1550.3,2762.2,459.6,267.0,421.2,24008.9,7872.7,6202.8,4955.1,1595.6,2836.0,484.4,260.1,436.6,24643.4,7895.5,6191.0,4971.2,1592.8,2825.9,483.7,259.2,437.9,24657.2
Oct-2015,8168.2,6396.2,5108.8,1640.8,2928.2,492.0,267.3,445.7,25447.3,7938.5,6239.2,4970.7,1595.6,2830.0,488.2,259.1,436.3,24757.5,7928.5,6225.0,4979.9,1598.4,2827.0,486.5,260.0,441.5,24746.9
Nov-2015,8351.7,6507.8,5119.8,1661.9,2921.8,503.6,256.8,460.1,25783.5,7952.6,6249.9,5001.7,1606.4,2834.0,489.4,259.8,443.1,24837.0,7960.1,6251.0,4991.9,1604.6,2825.5,489.2,260.9,446.7,24829.9
Dec-2015,10383.7,8159.5,6262.0,2050.8,3574.5,626.6,286.0,580.0,31923.0,7993.1,6267.9,5000.8,1609.8,2811.6,489.0,260.3,459.0,24891.6,7991.3,6268.9,5003.6,1611.1,2823.6,491.9,261.6,452.3,24904.1
Jan-2016,7997.5,6168.4,5016.9,1601.9,2778.8,501.8,238.7,449.2,24753.1,8030.9,6273.1,5026.4,1620.0,2820.5,495.2,266.5,458.3,24990.9,8021.0,6282.0,5011.7,1617.0,2822.5,494.3,261.9,456.8,24967.1
Feb-2016,7301.0,5740.6,4517.4,1472.4,2572.8,472.2,228.9,429.5,22734.9,8035.7,6285.5,5012.6,1621.6,2807.9,496.1,260.1,461.6,24980.9,8045.0,6291.6,5014.8,1621.9,2823.4,496.3,261.4,459.3,25013.6
Mar-2016,7847.1,6179.5,4878.9,1617.2,2792.3,502.2,245.1,455.0,24517.3,8062.4,6318.9,5038.8,1626.8,2836.8,499.2,259.9,460.0,25102.9,8061.3,6296.9,5015.1,1626.7,2825.2,497.9,260.1,459.8,25043.0
Apr-2016,7703.5,6088.0,4726.8,1569.5,2712.5,481.7,246.8,447.1,23975.9,8091.2,6290.7,5008.9,1635.4,2843.4,501.5,259.6,459.1,25089.8,8071.5,6300.6,5018.8,1632.2,2826.7,499.0,258.5,459.3,25066.6
May-2016,7796.0,6083.8,4781.0,1582.6,2721.3,478.1,254.9,445.9,24143.5,8091.5,6319.2,4986.1,1630.7,2820.3,498.1,256.8,456.0,25058.7,8080.4,6306.5,5031.9,1638.8,2827.5,499.8,256.9,459.1,25100.9
Jun-2016,7756.2,6072.5,4894.2,1568.5,2708.3,465.8,262.7,437.2,24165.3,8080.5,6324.1,5071.7,1641.9,2821.9,497.4,254.2,457.5,25149.3,8094.1,6318.5,5056.5,1645.7,2827.5,500.4,256.1,460.2,25159.1
Jul-2016,7792.0,6059.4,5104.3,1621.3,2764.9,490.2,281.4,450.1,24563.7,8082.2,6285.2,5076.1,1656.8,2828.0,502.8,255.1,462.4,25148.6,8117.2,6338.3,5090.0,1651.4,2827.5,501.2,256.2,462.5,25244.4
Aug-2016,7805.4,6127.3,5100.1,1609.9,2743.7,481.2,278.2,445.6,24591.3,8137.0,6356.0,5136.4,1663.8,2817.4,502.8,256.8,467.1,25337.3,8150.4,6366.6,5125.8,1655.7,2828.8,502.5,257.3,465.4,25352.5
Sep-2016,8043.8,6270.8,5141.5,1622.5,2779.4,483.4,268.9,453.5,25063.6,8211.6,6451.2,5168.5,1663.8,2842.9,504.8,261.0,470.4,25574.1,8189.9,6399.7,5156.5,1659.5,2831.4,504.2,258.9,468.4,25468.4
Oct-2016,8383.1,6508.1,5257.2,1678.8,2899.8,501.9,265.5,480.2,25974.6,8233.0,6421.8,5186.7,1657.1,2841.3,504.8,260.1,470.8,25575.6,8229.5,6430.2,5172.9,1663.2,2834.2,506.0,260.7,470.8,25567.6
Nov-2016,8744.0,6752.1,5337.8,1729.3,2940.9,524.7,259.5,492.7,26781.1,8287.4,6458.8,5181.2,1652.7,2824.4,506.3,261.0,471.3,25643.3,8260.5,6452.5,5174.3,1667.2,2835.3,507.6,262.2,472.3,25631.8
Dec-2016,10783.1,8457.6,6527.7,2139.2,3637.2,659.1,293.2,603.0,33100.2,8274.2,6464.1,5165.4,1673.8,2839.9,511.6,264.8,472.3,25666.0,8279.7,6468.3,5165.6,1672.3,2834.7,508.7,262.7,473.2,25665.2
Jan-2017,8199.0,6355.5,5111.9,1662.1,2764.9,515.9,234.2,462.5,25306.2,8298.9,6513.2,5152.8,1696.1,2840.1,511.4,263.5,476.9,25752.9,8292.1,6481.7,5154.2,1679.1,2833.8,510.1,262.5,474.1,25687.5
Feb-2017,7298.9,5710.5,4493.7,1485.6,2506.4,469.8,223.4,426.7,22615.0,8295.1,6457.7,5146.3,1684.4,2825.3,510.5,262.9,474.1,25656.3,8306.3,6499.7,5147.2,1687.3,2833.9,512.0,261.8,475.1,25723.2
Mar-2017,8085.8,6412.4,4925.8,1668.2,2797.4,512.0,244.6,467.4,25113.5,8304.4,6496.3,5084.3,1680.5,2831.7,510.0,258.2,473.2,25638.6,8326.0,6525.9,5148.8,1694.9,2836.4,514.1,261.1,476.4,25783.5
Apr-2017,7883.7,6286.0,4892.7,1625.6,2693.2,492.8,244.9,464.3,24583.1,8317.7,6561.3,5215.6,1703.1,2839.9,515.7,260.5,478.0,25891.9,8348.9,6554.5,5158.1,1699.7,2841.0,516.2,260.6,477.5,25856.7
May-2017,8132.0,6396.5,4940.1,1668.4,2767.0,500.5,258.6,469.9,25133.2,8409.1,6621.9,5144.6,1710.0,2846.3,520.4,258.8,480.6,25991.6,8371.0,6578.4,5171.1,1701.4,2845.1,517.5,260.5,478.3,25923.3
Jun-2017,8130.1,6368.2,5050.6,1648.8,2740.3,496.6,272.7,460.2,25167.5,8422.2,6597.4,5199.0,1712.3,2847.3,523.8,262.0,479.0,26043.0,8386.1,6594.8,5180.8,1701.4,2846.3,518.0,260.6,478.6,25966.5
Jul-2017,8061.9,6347.9,5192.6,1648.1,2776.6,498.4,288.9,464.2,25278.6,8399.7,6625.1,5204.7,1703.8,2856.0,517.6,262.6,479.5,26049.0,8393.7,6604.9,5183.0,1702.3,2843.6,518.0,260.6,478.2,25984.3
Aug-2017,8090.2,6389.1,5152.2,1639.2,2777.9,490.5,282.4,453.8,25275.4,8361.0,6595.8,5166.6,1683.8,2846.3,512.0,261.1,476.1,25902.7,8397.0,6613.4,5180.0,1705.4,2837.8,517.7,260.4,477.4,25989.0
Sep-2017,8205.9,6368.9,5140.0,1656.7,2756.4,492.7,265.6,462.5,25348.7,8401.2,6587.1,5187.3,1702.0,2817.4,516.7,258.0,475.3,25944.9,8402.0,6627.2,5177.8,1711.4,2830.8,517.8,259.8,476.5,26003.3
Oct-2017,8556.0,6727.1,5233.4,1758.0,2856.3,518.4,264.0,483.9,26397.1,8415.2,6651.1,5160.0,1728.8,2814.7,517.9,259.0,477.3,26024.0,8414.0,6653.0,5180.9,1720.7,2824.4,518.5,259.2,476.1,26046.8
Nov-2017,9036.0,7150.7,5395.8,1833.7,2979.0,549.0,260.3,502.8,27707.3,8484.2,6763.0,5199.2,1748.2,2840.9,528.4,260.7,480.7,26305.2,8435.1,6690.3,5189.6,1730.9,2820.2,519.9,259.1,476.6,26121.8
Dec-2017,10960.7,8757.0,6544.7,2216.5,3594.9,668.3,285.8,611.1,33639.0,8517.9,6754.5,5217.5,1750.5,2827.8,521.5,259.8,478.8,26328.4,8464.8,6732.9,5200.2,1739.1,2818.7,521.7,259.7,477.9,26215.1
Jan-2018,8365.6,6602.5,5220.9,1705.1,2777.9,527.5,231.7,464.7,25896.0,8470.4,6761.0,5255.7,1737.1,2831.0,522.2,260.3,480.1,26317.7,8499.1,6774.3,5210.4,1743.5,2820.3,523.8,261.3,480.3,26313.0
Feb-2018,7527.1,6039.6,4561.3,1540.3,2493.1,483.9,222.9,432.6,23300.7,8549.2,6825.9,5219.5,1745.2,2808.1,526.8,262.6,481.2,26418.5,8534.6,6812.0,5217.0,1744.5,2823.3,526.4,263.5,483.4,26404.7
Mar-2018,8436.2,6821.8,5107.1,1762.2,2813.9,535.2,251.4,490.2,26218.0,8539.3,6839.5,5195.4,1745.1,2817.9,526.0,263.8,487.4,26414.4,8571.5,6844.3,5220.7,1744.1,2825.5,529.5,265.7,487.0,26488.3
Apr-2018,8041.3,6517.3,4822.3,1624.3,2655.0,500.6,253.3,469.3,24883.3,8617.9,6878.0,5210.6,1734.5,2837.3,532.7,270.5,491.2,26572.8,8608.9,6873.4,5224.4,1744.7,2826.1,533.3,267.2,490.4,26568.6
May-2018,8438.3,6698.5,5062.0,1722.7,2758.0,522.1,270.4,482.0,25954.1,8660.6,6888.2,5254.2,1752.5,2831.4,541.1,269.7,493.4,26691.0,8641.0,6903.6,5233.3,1747.4,2825.6,537.4,267.6,493.0,26648.8
Jun-2018,8354.4,6704.9,5065.5,1687.2,2737.0,514.1,278.7,485.5,25827.2,8657.9,6949.7,5228.8,1753.0,2836.7,542.9,267.0,498.4,26734.4,8662.4,6936.7,5251.6,1751.7,2824.8,541.0,266.6,494.8,26729.6
Jul-2018,8304.6,6657.5,5273.3,1696.2,2715.8,522.8,289.6,475.8,25935.6,8667.0,6966.3,5290.6,1752.9,2806.0,540.7,263.7,495.2,26782.5,8669.9,6972.2,5279.2,1756.5,2824.9,543.6,264.5,496.3,26807.1
Aug-2018,8474.8,6793.4,5300.0,1719.0,2774.0,525.0,282.8,471.4,26340.6,8716.6,6982.1,5297.0,1760.5,2821.8,545.4,261.0,494.6,26879.0,8664.3,7006.3,5309.5,1760.5,2826.8,545.2,261.7,497.4,26871.7
Sep-2018,8387.7,6757.1,5226.6,1703.0,2732.1,516.1,262.3,478.9,26063.9,8642.4,7045.2,5331.9,1767.0,2829.9,547.4,257.9,496.5,26918.3,8655.5,7035.2,5336.4,1763.2,2831.7,545.8,259.0,498.5,26925.4
Oct-2018,8747.3,7169.5,5470.5,1802.2,2898.2,548.2,264.2,507.6,27407.7,8608.5,7097.8,5394.8,1771.5,2844.1,546.7,258.1,501.4,27022.9,8653.1,7056.7,5358.1,1764.7,2839.5,545.7,257.0,499.8,26974.6
Nov-2018,9245.0,7511.7,5630.1,1861.6,2998.7,571.6,256.8,533.6,28609.2,8647.4,7071.9,5377.9,1761.6,2849.6,543.7,255.2,505.7,27013.0,8663.6,7071.5,5376.1,1765.7,2847.8,545.4,255.8,501.0,27026.8
Dec-2018,11085.5,9118.5,6729.8,2211.4,3612.4,690.0,280.5,633.2,34361.4,8670.5,7064.9,5393.7,1762.0,2858.5,544.2,256.1,500.1,27050.1,8684.2,7082.2,5393.1,1767.7,2853.3,544.8,255.5,502.2,27083.0
Jan-2019,8651.0,6926.8,5358.7,1746.2,2805.1,553.7,225.3,481.3,26748.0,8727.6,7068.4,5374.0,1770.2,2853.5,546.4,252.9,499.5,27092.5,8708.1,7093.3,5412.3,1771.7,2854.4,544.3,255.9,503.4,27143.2
Feb-2019,7717.4,6292.9,4753.2,1570.3,2544.1,497.3,218.2,455.8,24049.2,8761.1,7111.8,5432.9,1778.0,2863.0,542.5,257.4,507.2,27253.8,8726.9,7107.2,5435.5,1777.3,2852.5,544.2,256.7,504.3,27204.7
Mar-2019,8496.4,7035.3,5279.2,1759.9,2795.8,542.6,245.6,505.7,26660.6,8753.9,7144.4,5468.2,1779.9,2844.7,544.1,260.0,505.4,27300.5,8734.1,7126.1,5461.4,1783.2,2851.2,544.9,257.7,505.4,27264.0
Apr-2019,8247.9,6825.2,5191.3,1713.6,2700.6,525.3,244.3,489.0,25937.2,8712.3,7132.6,5509.8,1792.3,2851.2,547.6,258.4,505.3,27309.5,8729.7,7149.0,5486.9,1788.0,2853.3,546.1,258.6,506.6,27318.3
May-2019,8503.7,7014.1,5329.5,1778.2,2792.5,529.1,261.1,500.0,26708.0,8705.4,7177.5,5513.4,1801.9,2846.2,546.0,259.2,510.4,27360.0,8719.8,7170.2,5507.4,1790.4,2860.8,547.9,259.1,508.1,27363.7
Jun-2019,8371.3,6906.9,5298.6,1708.6,2744.0,519.9,267.7,495.0,26311.9,8711.1,7192.5,5521.8,1788.9,2872.0,553.2,259.2,510.4,27408.9,8714.4,7186.4,5523.3,1791.2,2873.6,550.4,259.4,509.9,27408.6
Jul-2019,8349.8,6886.1,5507.2,1725.6,2826.3,534.8,286.2,486.4,26602.4,8708.4,7196.4,5525.7,1780.6,2899.8,553.2,259.8,506.5,27430.5,,,,,,,,,
Aug-2019,8542.8,7046.9,5585.6,1754.6,2857.8,535.3,282.9,499.0,27104.8,8730.6,7224.2,5559.8,1791.3,2905.5,555.7,260.1,516.4,27543.5,,,,,,,,,
Sep-2019,8451.1,6890.5,5423.1,1724.5,2810.0,528.1,262.2,494.2,26583.6,8753.6,7218.9,5555.1,1797.7,2926.8,560.9,258.6,517.7,27589.2,,,,,,,,,
Oct-2019,8930.2,7304.3,5712.7,1831.2,2992.2,575.3,271.5,525.8,28143.2,8736.7,7206.0,5611.9,1789.8,2933.6,571.7,264.5,520.9,27635.0,,,,,,,,,
Nov-2019,9424.2,7716.0,5939.8,1912.6,3104.6,601.6,266.1,557.4,29522.2,8828.9,7279.3,5675.4,1812.9,2941.6,573.0,263.9,520.9,27895.6,,,,,,,,,
Dec-2019,11156.1,9376.9,7043.9,2239.6,3696.8,740.5,285.8,652.5,35192.1,8741.3,7279.1,5639.7,1785.8,2939.1,581.0,261.4,519.9,27747.2,,,,,,,,,
Jan-2020,8630.8,7121.9,5632.4,1765.5,2867.1,585.4,231.8,488.3,27323.3,8706.9,7241.5,5635.6,1786.2,2895.6,575.9,259.9,506.5,27608.3,,,,,,,,,
Feb-2020,7946.2,6696.7,5174.5,1643.7,2712.5,545.0,227.7,482.2,25428.4,8700.6,7297.4,5697.3,1795.8,2935.9,575.5,259.0,514.1,27775.7,,,,,,,,,
Mar-2020,9057.6,7653.1,5943.5,1922.5,3136.9,620.5,270.5,554.6,29159.2,9374.6,7814.9,6186.1,1958.4,3224.9,625.9,287.9,560.5,30033.3,,,,,,,,,
Apr-2020,7349.1,5946.7,4938.4,1605.5,2574.2,495.1,252.1,458.4,23619.5,7744.5,6199.6,5235.3,1676.7,2697.2,518.1,267.0,478.4,24816.7,,,,,,,,,
May-2020,8787.1,7054.6,5881.2,1912.7,3137.5,586.5,289.2,532.2,28181.1,9011.8,7240.7,6093.0,1946.7,3215.8,607.5,287.4,537.2,28940.1,,,,,,,,,
Jun-2020,8968.6,7237.1,5909.0,1885.2,3150.6,594.7,285.4,537.8,28568.4,9318.1,7541.9,6135.1,1966.8,3301.8,629.1,275.2,557.0,29724.9,,,,,,,,,
Jul-2020,9536.2,7130.8,6470.8,1983.2,3370.2,638.9,312.6,565.5,30008.2,9880.8,7400.0,6457.7,2030.1,3429.9,657.2,282.8,590.6,30729.1,,,,,,,,,
Aug-2020,9278.4,6236.5,6298.6,1931.8,3321.1,619.4,310.0,568.5,28564.2,9667.7,6477.5,6370.4,2006.6,3424.8,652.5,289.1,591.6,29480.4,,,,,,,,,
Sep-2020,9336.0,6212.8,6173.4,1890.3,3254.8,608.6,303.4,556.4,28335.7,9575.2,6442.9,6289.2,1957.7,3376.0,641.9,297.6,582.5,29163.0,,,,,,,,,
Oct-2020,9910.5,6925.3,6430.6,2019.5,3489.7,639.6,308.4,594.3,30318.0,9656.0,6796.4,6276.9,1964.5,3396.1,632.3,298.3,581.1,29601.6,,,,,,,,,
Nov-2020,10448.2,8725.1,6731.1,2034.3,3561.1,674.6,304.0,622.0,33100.4,9868.2,8292.0,6501.2,1953.0,3415.1,648.3,304.9,588.7,31571.4,,,,,,,,,
Dec-2020,12160.5,10012.4,8042.5,2469.4,4271.3,800.3,339.0,735.0,38830.4,9468.9,7723.0,6418.2,1952.6,3368.1,626.4,307.4,586.3,30450.9,,,,,,,,,
Jan-2021,9397.7,7636.5,6299.4,1925.7,3380.7,639.2,275.7,574.0,30129.0,9515.8,7791.8,6317.2,1955.3,3429.4,630.4,309.9,588.7,30538.5,,,,,,,,,
Feb-2021,8477.6,6701.3,5594.3,1728.6,2890.0,580.9,255.0,530.1,26757.8,9629.2,7556.9,6384.8,1958.9,3244.3,634.6,301.4,590.6,30300.6,,,,,,,,,
Mar-2021,9470.1,7800.0,6201.9,1940.4,3390.1,648.8,286.8,572.6,30310.7,9650.4,7819.0,6349.9,1937.1,3424.2,642.6,302.8,573.6,30699.6,,,,,,,,,
